"","polity","realized_coup","type_of_coup","replicate","n","number"
"1",-10,0,"attempt",1,5,5
"2",-10,0,"attempt",2,10,10
"3",-10,0,"attempt",3,2,2
"4",-10,0,"attempt",4,3,3
"5",-10,0,"attempt",5,5,5
"6",-10,0,"attempt",6,6,6
"7",-10,0,"attempt",7,4,4
"8",-10,0,"attempt",8,3,3
"9",-10,0,"attempt",9,1,1
"10",-10,0,"attempt",10,10,10
"11",-10,0,"attempt",11,1,1
"12",-10,0,"attempt",12,6,6
"13",-10,0,"attempt",13,4,4
"14",-10,0,"attempt",14,4,4
"15",-10,0,"attempt",15,9,9
"16",-10,0,"attempt",16,8,8
"17",-10,0,"attempt",17,8,8
"18",-10,0,"attempt",18,5,5
"19",-10,0,"attempt",19,3,3
"20",-10,0,"attempt",20,8,8
"21",-10,0,"attempt",21,3,3
"22",-10,0,"attempt",22,10,10
"23",-10,0,"attempt",23,4,4
"24",-10,0,"attempt",24,6,6
"25",-10,0,"attempt",25,5,5
"26",-10,0,"attempt",26,8,8
"27",-10,0,"attempt",27,4,4
"28",-10,0,"attempt",28,8,8
"29",-10,0,"attempt",29,1,1
"30",-10,0,"attempt",30,6,6
"31",-10,0,"attempt",31,4,4
"32",-10,0,"attempt",32,5,5
"33",-10,0,"attempt",33,6,6
"34",-10,0,"attempt",34,4,4
"35",-10,0,"attempt",35,6,6
"36",-10,0,"attempt",36,7,7
"37",-10,0,"attempt",37,9,9
"38",-10,0,"attempt",38,4,4
"39",-10,0,"attempt",39,7,7
"40",-10,0,"attempt",40,7,7
"41",-10,0,"attempt",41,3,3
"42",-10,0,"attempt",42,8,8
"43",-10,0,"attempt",43,4,4
"44",-10,0,"attempt",44,4,4
"45",-10,0,"attempt",45,4,4
"46",-10,0,"attempt",46,7,7
"47",-10,0,"attempt",47,5,5
"48",-10,0,"attempt",48,5,5
"49",-10,0,"attempt",49,5,5
"50",-10,0,"attempt",50,3,3
"51",-10,0,"conspiracy",1,10,10
"52",-10,0,"conspiracy",2,1,1
"53",-10,0,"conspiracy",3,6,6
"54",-10,0,"conspiracy",4,2,2
"55",-10,0,"conspiracy",5,3,3
"56",-10,0,"conspiracy",6,2,2
"57",-10,0,"conspiracy",7,3,3
"58",-10,0,"conspiracy",8,5,5
"59",-10,0,"conspiracy",9,10,10
"60",-10,0,"conspiracy",10,3,3
"61",-10,0,"conspiracy",11,4,4
"62",-10,0,"conspiracy",12,8,8
"63",-10,0,"conspiracy",13,5,5
"64",-10,0,"conspiracy",14,5,5
"65",-10,0,"conspiracy",15,5,5
"66",-10,0,"conspiracy",16,5,5
"67",-10,0,"conspiracy",17,7,7
"68",-10,0,"conspiracy",18,5,5
"69",-10,0,"conspiracy",19,5,5
"70",-10,0,"conspiracy",20,5,5
"71",-10,0,"conspiracy",21,6,6
"72",-10,0,"conspiracy",22,6,6
"73",-10,0,"conspiracy",23,6,6
"74",-10,0,"conspiracy",24,3,3
"75",-10,0,"conspiracy",25,3,3
"76",-10,0,"conspiracy",26,4,4
"77",-10,0,"conspiracy",27,2,2
"78",-10,0,"conspiracy",28,4,4
"79",-10,0,"conspiracy",29,3,3
"80",-10,0,"conspiracy",30,1,1
"81",-10,0,"conspiracy",31,11,11
"82",-10,0,"conspiracy",32,4,4
"83",-10,0,"conspiracy",33,1,1
"84",-10,0,"conspiracy",34,4,4
"85",-10,0,"conspiracy",35,3,3
"86",-10,0,"conspiracy",36,5,5
"87",-10,0,"conspiracy",37,5,5
"88",-10,0,"conspiracy",38,7,7
"89",-10,0,"conspiracy",39,5,5
"90",-10,0,"conspiracy",40,6,6
"91",-10,0,"conspiracy",41,3,3
"92",-10,0,"conspiracy",42,3,3
"93",-10,0,"conspiracy",43,3,3
"94",-10,0,"conspiracy",44,6,6
"95",-10,0,"conspiracy",45,9,9
"96",-10,0,"conspiracy",46,5,5
"97",-10,0,"conspiracy",47,4,4
"98",-10,0,"conspiracy",48,4,4
"99",-10,0,"conspiracy",49,6,6
"100",-10,0,"conspiracy",50,3,3
"101",-10,1,"coup",1,10,10
"102",-10,1,"coup",2,8,8
"103",-10,1,"coup",3,5,5
"104",-10,1,"coup",4,5,5
"105",-10,1,"coup",5,5,5
"106",-10,1,"coup",6,7,7
"107",-10,1,"coup",7,9,9
"108",-10,1,"coup",8,5,5
"109",-10,1,"coup",9,9,9
"110",-10,1,"coup",10,7,7
"111",-10,1,"coup",11,6,6
"112",-10,1,"coup",12,4,4
"113",-10,1,"coup",13,3,3
"114",-10,1,"coup",14,3,3
"115",-10,1,"coup",15,3,3
"116",-10,1,"coup",16,4,4
"117",-10,1,"coup",17,2,2
"118",-10,1,"coup",18,7,7
"119",-10,1,"coup",19,8,8
"120",-10,1,"coup",20,8,8
"121",-10,1,"coup",21,3,3
"122",-10,1,"coup",22,4,4
"123",-10,1,"coup",23,9,9
"124",-10,1,"coup",24,2,2
"125",-10,1,"coup",25,4,4
"126",-10,1,"coup",26,9,9
"127",-10,1,"coup",27,6,6
"128",-10,1,"coup",28,8,8
"129",-10,1,"coup",29,9,9
"130",-10,1,"coup",30,10,10
"131",-10,1,"coup",31,6,6
"132",-10,1,"coup",32,6,6
"133",-10,1,"coup",33,3,3
"134",-10,1,"coup",34,8,8
"135",-10,1,"coup",35,10,10
"136",-10,1,"coup",36,5,5
"137",-10,1,"coup",37,6,6
"138",-10,1,"coup",38,1,1
"139",-10,1,"coup",39,3,3
"140",-10,1,"coup",40,4,4
"141",-10,1,"coup",41,5,5
"142",-10,1,"coup",42,11,11
"143",-10,1,"coup",43,5,5
"144",-10,1,"coup",44,5,5
"145",-10,1,"coup",45,5,5
"146",-10,1,"coup",46,5,5
"147",-10,1,"coup",47,8,8
"148",-10,1,"coup",48,6,6
"149",-10,1,"coup",49,3,3
"150",-10,1,"coup",50,2,2
"151",-9,0,"attempt",1,31,31
"152",-9,0,"attempt",2,21,21
"153",-9,0,"attempt",3,41,41
"154",-9,0,"attempt",4,32,32
"155",-9,0,"attempt",5,36,36
"156",-9,0,"attempt",6,37,37
"157",-9,0,"attempt",7,25,25
"158",-9,0,"attempt",8,33,33
"159",-9,0,"attempt",9,39,39
"160",-9,0,"attempt",10,37,37
"161",-9,0,"attempt",11,43,43
"162",-9,0,"attempt",12,30,30
"163",-9,0,"attempt",13,21,21
"164",-9,0,"attempt",14,28,28
"165",-9,0,"attempt",15,37,37
"166",-9,0,"attempt",16,38,38
"167",-9,0,"attempt",17,30,30
"168",-9,0,"attempt",18,30,30
"169",-9,0,"attempt",19,31,31
"170",-9,0,"attempt",20,27,27
"171",-9,0,"attempt",21,41,41
"172",-9,0,"attempt",22,28,28
"173",-9,0,"attempt",23,36,36
"174",-9,0,"attempt",24,36,36
"175",-9,0,"attempt",25,45,45
"176",-9,0,"attempt",26,31,31
"177",-9,0,"attempt",27,28,28
"178",-9,0,"attempt",28,44,44
"179",-9,0,"attempt",29,28,28
"180",-9,0,"attempt",30,40,40
"181",-9,0,"attempt",31,35,35
"182",-9,0,"attempt",32,37,37
"183",-9,0,"attempt",33,31,31
"184",-9,0,"attempt",34,35,35
"185",-9,0,"attempt",35,34,34
"186",-9,0,"attempt",36,36,36
"187",-9,0,"attempt",37,25,25
"188",-9,0,"attempt",38,30,30
"189",-9,0,"attempt",39,37,37
"190",-9,0,"attempt",40,25,25
"191",-9,0,"attempt",41,40,40
"192",-9,0,"attempt",42,36,36
"193",-9,0,"attempt",43,33,33
"194",-9,0,"attempt",44,26,26
"195",-9,0,"attempt",45,28,28
"196",-9,0,"attempt",46,34,34
"197",-9,0,"attempt",47,31,31
"198",-9,0,"attempt",48,30,30
"199",-9,0,"attempt",49,36,36
"200",-9,0,"attempt",50,39,39
"201",-9,0,"conspiracy",1,25,25
"202",-9,0,"conspiracy",2,28,28
"203",-9,0,"conspiracy",3,18,18
"204",-9,0,"conspiracy",4,32,32
"205",-9,0,"conspiracy",5,19,19
"206",-9,0,"conspiracy",6,24,24
"207",-9,0,"conspiracy",7,18,18
"208",-9,0,"conspiracy",8,26,26
"209",-9,0,"conspiracy",9,21,21
"210",-9,0,"conspiracy",10,22,22
"211",-9,0,"conspiracy",11,25,25
"212",-9,0,"conspiracy",12,23,23
"213",-9,0,"conspiracy",13,18,18
"214",-9,0,"conspiracy",14,32,32
"215",-9,0,"conspiracy",15,29,29
"216",-9,0,"conspiracy",16,26,26
"217",-9,0,"conspiracy",17,21,21
"218",-9,0,"conspiracy",18,22,22
"219",-9,0,"conspiracy",19,25,25
"220",-9,0,"conspiracy",20,25,25
"221",-9,0,"conspiracy",21,30,30
"222",-9,0,"conspiracy",22,28,28
"223",-9,0,"conspiracy",23,29,29
"224",-9,0,"conspiracy",24,33,33
"225",-9,0,"conspiracy",25,24,24
"226",-9,0,"conspiracy",26,34,34
"227",-9,0,"conspiracy",27,31,31
"228",-9,0,"conspiracy",28,19,19
"229",-9,0,"conspiracy",29,30,30
"230",-9,0,"conspiracy",30,19,19
"231",-9,0,"conspiracy",31,28,28
"232",-9,0,"conspiracy",32,31,31
"233",-9,0,"conspiracy",33,27,27
"234",-9,0,"conspiracy",34,26,26
"235",-9,0,"conspiracy",35,27,27
"236",-9,0,"conspiracy",36,31,31
"237",-9,0,"conspiracy",37,27,27
"238",-9,0,"conspiracy",38,27,27
"239",-9,0,"conspiracy",39,25,25
"240",-9,0,"conspiracy",40,30,30
"241",-9,0,"conspiracy",41,26,26
"242",-9,0,"conspiracy",42,26,26
"243",-9,0,"conspiracy",43,25,25
"244",-9,0,"conspiracy",44,25,25
"245",-9,0,"conspiracy",45,31,31
"246",-9,0,"conspiracy",46,25,25
"247",-9,0,"conspiracy",47,23,23
"248",-9,0,"conspiracy",48,29,29
"249",-9,0,"conspiracy",49,18,18
"250",-9,0,"conspiracy",50,27,27
"251",-9,1,"coup",1,6,6
"252",-9,1,"coup",2,10,10
"253",-9,1,"coup",3,13,13
"254",-9,1,"coup",4,10,10
"255",-9,1,"coup",5,9,9
"256",-9,1,"coup",6,5,5
"257",-9,1,"coup",7,13,13
"258",-9,1,"coup",8,11,11
"259",-9,1,"coup",9,16,16
"260",-9,1,"coup",10,12,12
"261",-9,1,"coup",11,14,14
"262",-9,1,"coup",12,11,11
"263",-9,1,"coup",13,12,12
"264",-9,1,"coup",14,8,8
"265",-9,1,"coup",15,11,11
"266",-9,1,"coup",16,5,5
"267",-9,1,"coup",17,12,12
"268",-9,1,"coup",18,10,10
"269",-9,1,"coup",19,8,8
"270",-9,1,"coup",20,7,7
"271",-9,1,"coup",21,14,14
"272",-9,1,"coup",22,15,15
"273",-9,1,"coup",23,8,8
"274",-9,1,"coup",24,8,8
"275",-9,1,"coup",25,10,10
"276",-9,1,"coup",26,6,6
"277",-9,1,"coup",27,11,11
"278",-9,1,"coup",28,8,8
"279",-9,1,"coup",29,14,14
"280",-9,1,"coup",30,5,5
"281",-9,1,"coup",31,8,8
"282",-9,1,"coup",32,9,9
"283",-9,1,"coup",33,7,7
"284",-9,1,"coup",34,8,8
"285",-9,1,"coup",35,14,14
"286",-9,1,"coup",36,12,12
"287",-9,1,"coup",37,11,11
"288",-9,1,"coup",38,8,8
"289",-9,1,"coup",39,9,9
"290",-9,1,"coup",40,13,13
"291",-9,1,"coup",41,9,9
"292",-9,1,"coup",42,10,10
"293",-9,1,"coup",43,10,10
"294",-9,1,"coup",44,16,16
"295",-9,1,"coup",45,14,14
"296",-9,1,"coup",46,5,5
"297",-9,1,"coup",47,9,9
"298",-9,1,"coup",48,11,11
"299",-9,1,"coup",49,9,9
"300",-9,1,"coup",50,10,10
"301",-8,0,"attempt",1,16,16
"302",-8,0,"attempt",2,16,16
"303",-8,0,"attempt",3,15,15
"304",-8,0,"attempt",4,6,6
"305",-8,0,"attempt",5,14,14
"306",-8,0,"attempt",6,13,13
"307",-8,0,"attempt",7,9,9
"308",-8,0,"attempt",8,12,12
"309",-8,0,"attempt",9,7,7
"310",-8,0,"attempt",10,9,9
"311",-8,0,"attempt",11,10,10
"312",-8,0,"attempt",12,8,8
"313",-8,0,"attempt",13,8,8
"314",-8,0,"attempt",14,18,18
"315",-8,0,"attempt",15,20,20
"316",-8,0,"attempt",16,8,8
"317",-8,0,"attempt",17,20,20
"318",-8,0,"attempt",18,25,25
"319",-8,0,"attempt",19,18,18
"320",-8,0,"attempt",20,16,16
"321",-8,0,"attempt",21,11,11
"322",-8,0,"attempt",22,9,9
"323",-8,0,"attempt",23,9,9
"324",-8,0,"attempt",24,12,12
"325",-8,0,"attempt",25,13,13
"326",-8,0,"attempt",26,12,12
"327",-8,0,"attempt",27,7,7
"328",-8,0,"attempt",28,9,9
"329",-8,0,"attempt",29,11,11
"330",-8,0,"attempt",30,14,14
"331",-8,0,"attempt",31,12,12
"332",-8,0,"attempt",32,9,9
"333",-8,0,"attempt",33,11,11
"334",-8,0,"attempt",34,11,11
"335",-8,0,"attempt",35,15,15
"336",-8,0,"attempt",36,8,8
"337",-8,0,"attempt",37,7,7
"338",-8,0,"attempt",38,13,13
"339",-8,0,"attempt",39,10,10
"340",-8,0,"attempt",40,9,9
"341",-8,0,"attempt",41,12,12
"342",-8,0,"attempt",42,8,8
"343",-8,0,"attempt",43,13,13
"344",-8,0,"attempt",44,6,6
"345",-8,0,"attempt",45,12,12
"346",-8,0,"attempt",46,12,12
"347",-8,0,"attempt",47,13,13
"348",-8,0,"attempt",48,17,17
"349",-8,0,"attempt",49,16,16
"350",-8,0,"attempt",50,16,16
"351",-8,0,"conspiracy",1,8,8
"352",-8,0,"conspiracy",2,5,5
"353",-8,0,"conspiracy",3,5,5
"354",-8,0,"conspiracy",4,10,10
"355",-8,0,"conspiracy",5,4,4
"356",-8,0,"conspiracy",6,6,6
"357",-8,0,"conspiracy",7,16,16
"358",-8,0,"conspiracy",8,7,7
"359",-8,0,"conspiracy",9,5,5
"360",-8,0,"conspiracy",10,7,7
"361",-8,0,"conspiracy",11,6,6
"362",-8,0,"conspiracy",12,5,5
"363",-8,0,"conspiracy",13,7,7
"364",-8,0,"conspiracy",14,12,12
"365",-8,0,"conspiracy",15,10,10
"366",-8,0,"conspiracy",16,9,9
"367",-8,0,"conspiracy",17,10,10
"368",-8,0,"conspiracy",18,6,6
"369",-8,0,"conspiracy",19,3,3
"370",-8,0,"conspiracy",20,9,9
"371",-8,0,"conspiracy",21,12,12
"372",-8,0,"conspiracy",22,6,6
"373",-8,0,"conspiracy",23,6,6
"374",-8,0,"conspiracy",24,6,6
"375",-8,0,"conspiracy",25,6,6
"376",-8,0,"conspiracy",26,13,13
"377",-8,0,"conspiracy",27,8,8
"378",-8,0,"conspiracy",28,6,6
"379",-8,0,"conspiracy",29,6,6
"380",-8,0,"conspiracy",30,10,10
"381",-8,0,"conspiracy",31,7,7
"382",-8,0,"conspiracy",32,5,5
"383",-8,0,"conspiracy",33,5,5
"384",-8,0,"conspiracy",34,10,10
"385",-8,0,"conspiracy",35,9,9
"386",-8,0,"conspiracy",36,8,8
"387",-8,0,"conspiracy",37,7,7
"388",-8,0,"conspiracy",38,7,7
"389",-8,0,"conspiracy",39,6,6
"390",-8,0,"conspiracy",40,7,7
"391",-8,0,"conspiracy",41,10,10
"392",-8,0,"conspiracy",42,11,11
"393",-8,0,"conspiracy",43,10,10
"394",-8,0,"conspiracy",44,6,6
"395",-8,0,"conspiracy",45,5,5
"396",-8,0,"conspiracy",46,8,8
"397",-8,0,"conspiracy",47,7,7
"398",-8,0,"conspiracy",48,7,7
"399",-8,0,"conspiracy",49,5,5
"400",-8,0,"conspiracy",50,11,11
"401",-8,1,"coup",1,9,9
"402",-8,1,"coup",2,6,6
"403",-8,1,"coup",3,10,10
"404",-8,1,"coup",4,3,3
"405",-8,1,"coup",5,9,9
"406",-8,1,"coup",6,11,11
"407",-8,1,"coup",7,8,8
"408",-8,1,"coup",8,13,13
"409",-8,1,"coup",9,9,9
"410",-8,1,"coup",10,11,11
"411",-8,1,"coup",11,8,8
"412",-8,1,"coup",12,6,6
"413",-8,1,"coup",13,9,9
"414",-8,1,"coup",14,10,10
"415",-8,1,"coup",15,6,6
"416",-8,1,"coup",16,15,15
"417",-8,1,"coup",17,6,6
"418",-8,1,"coup",18,10,10
"419",-8,1,"coup",19,10,10
"420",-8,1,"coup",20,16,16
"421",-8,1,"coup",21,9,9
"422",-8,1,"coup",22,13,13
"423",-8,1,"coup",23,10,10
"424",-8,1,"coup",24,5,5
"425",-8,1,"coup",25,7,7
"426",-8,1,"coup",26,3,3
"427",-8,1,"coup",27,13,13
"428",-8,1,"coup",28,7,7
"429",-8,1,"coup",29,10,10
"430",-8,1,"coup",30,7,7
"431",-8,1,"coup",31,9,9
"432",-8,1,"coup",32,15,15
"433",-8,1,"coup",33,8,8
"434",-8,1,"coup",34,11,11
"435",-8,1,"coup",35,13,13
"436",-8,1,"coup",36,16,16
"437",-8,1,"coup",37,11,11
"438",-8,1,"coup",38,6,6
"439",-8,1,"coup",39,13,13
"440",-8,1,"coup",40,10,10
"441",-8,1,"coup",41,5,5
"442",-8,1,"coup",42,14,14
"443",-8,1,"coup",43,10,10
"444",-8,1,"coup",44,5,5
"445",-8,1,"coup",45,9,9
"446",-8,1,"coup",46,10,10
"447",-8,1,"coup",47,18,18
"448",-8,1,"coup",48,4,4
"449",-8,1,"coup",49,7,7
"450",-8,1,"coup",50,6,6
"451",-7,0,"attempt",1,95,95
"452",-7,0,"attempt",2,91,91
"453",-7,0,"attempt",3,103,103
"454",-7,0,"attempt",4,102,102
"455",-7,0,"attempt",5,90,90
"456",-7,0,"attempt",6,91,91
"457",-7,0,"attempt",7,85,85
"458",-7,0,"attempt",8,95,95
"459",-7,0,"attempt",9,70,70
"460",-7,0,"attempt",10,102,102
"461",-7,0,"attempt",11,85,85
"462",-7,0,"attempt",12,80,80
"463",-7,0,"attempt",13,84,84
"464",-7,0,"attempt",14,93,93
"465",-7,0,"attempt",15,110,110
"466",-7,0,"attempt",16,87,87
"467",-7,0,"attempt",17,80,80
"468",-7,0,"attempt",18,95,95
"469",-7,0,"attempt",19,70,70
"470",-7,0,"attempt",20,88,88
"471",-7,0,"attempt",21,94,94
"472",-7,0,"attempt",22,91,91
"473",-7,0,"attempt",23,83,83
"474",-7,0,"attempt",24,93,93
"475",-7,0,"attempt",25,97,97
"476",-7,0,"attempt",26,86,86
"477",-7,0,"attempt",27,104,104
"478",-7,0,"attempt",28,103,103
"479",-7,0,"attempt",29,89,89
"480",-7,0,"attempt",30,88,88
"481",-7,0,"attempt",31,92,92
"482",-7,0,"attempt",32,85,85
"483",-7,0,"attempt",33,88,88
"484",-7,0,"attempt",34,107,107
"485",-7,0,"attempt",35,82,82
"486",-7,0,"attempt",36,84,84
"487",-7,0,"attempt",37,82,82
"488",-7,0,"attempt",38,92,92
"489",-7,0,"attempt",39,70,70
"490",-7,0,"attempt",40,85,85
"491",-7,0,"attempt",41,83,83
"492",-7,0,"attempt",42,99,99
"493",-7,0,"attempt",43,113,113
"494",-7,0,"attempt",44,84,84
"495",-7,0,"attempt",45,80,80
"496",-7,0,"attempt",46,96,96
"497",-7,0,"attempt",47,86,86
"498",-7,0,"attempt",48,84,84
"499",-7,0,"attempt",49,100,100
"500",-7,0,"attempt",50,110,110
"501",-7,0,"conspiracy",1,62,62
"502",-7,0,"conspiracy",2,73,73
"503",-7,0,"conspiracy",3,84,84
"504",-7,0,"conspiracy",4,73,73
"505",-7,0,"conspiracy",5,71,71
"506",-7,0,"conspiracy",6,69,69
"507",-7,0,"conspiracy",7,65,65
"508",-7,0,"conspiracy",8,73,73
"509",-7,0,"conspiracy",9,69,69
"510",-7,0,"conspiracy",10,74,74
"511",-7,0,"conspiracy",11,76,76
"512",-7,0,"conspiracy",12,78,78
"513",-7,0,"conspiracy",13,83,83
"514",-7,0,"conspiracy",14,67,67
"515",-7,0,"conspiracy",15,73,73
"516",-7,0,"conspiracy",16,71,71
"517",-7,0,"conspiracy",17,70,70
"518",-7,0,"conspiracy",18,79,79
"519",-7,0,"conspiracy",19,79,79
"520",-7,0,"conspiracy",20,76,76
"521",-7,0,"conspiracy",21,66,66
"522",-7,0,"conspiracy",22,75,75
"523",-7,0,"conspiracy",23,81,81
"524",-7,0,"conspiracy",24,68,68
"525",-7,0,"conspiracy",25,74,74
"526",-7,0,"conspiracy",26,65,65
"527",-7,0,"conspiracy",27,81,81
"528",-7,0,"conspiracy",28,71,71
"529",-7,0,"conspiracy",29,60,60
"530",-7,0,"conspiracy",30,78,78
"531",-7,0,"conspiracy",31,72,72
"532",-7,0,"conspiracy",32,68,68
"533",-7,0,"conspiracy",33,78,78
"534",-7,0,"conspiracy",34,63,63
"535",-7,0,"conspiracy",35,68,68
"536",-7,0,"conspiracy",36,67,67
"537",-7,0,"conspiracy",37,75,75
"538",-7,0,"conspiracy",38,72,72
"539",-7,0,"conspiracy",39,68,68
"540",-7,0,"conspiracy",40,74,74
"541",-7,0,"conspiracy",41,78,78
"542",-7,0,"conspiracy",42,64,64
"543",-7,0,"conspiracy",43,69,69
"544",-7,0,"conspiracy",44,81,81
"545",-7,0,"conspiracy",45,62,62
"546",-7,0,"conspiracy",46,70,70
"547",-7,0,"conspiracy",47,69,69
"548",-7,0,"conspiracy",48,75,75
"549",-7,0,"conspiracy",49,60,60
"550",-7,0,"conspiracy",50,51,51
"551",-7,0,"coup",1,1,1
"552",-7,0,"coup",3,1,1
"553",-7,0,"coup",5,3,3
"554",-7,0,"coup",7,3,3
"555",-7,0,"coup",12,1,1
"556",-7,0,"coup",15,1,1
"557",-7,0,"coup",17,2,2
"558",-7,0,"coup",18,3,3
"559",-7,0,"coup",20,1,1
"560",-7,0,"coup",23,2,2
"561",-7,0,"coup",24,3,3
"562",-7,0,"coup",27,1,1
"563",-7,0,"coup",28,1,1
"564",-7,0,"coup",30,1,1
"565",-7,0,"coup",31,1,1
"566",-7,0,"coup",35,2,2
"567",-7,0,"coup",36,1,1
"568",-7,0,"coup",37,1,1
"569",-7,0,"coup",39,1,1
"570",-7,0,"coup",41,2,2
"571",-7,0,"coup",43,3,3
"572",-7,0,"coup",44,1,1
"573",-7,0,"coup",45,1,1
"574",-7,0,"coup",46,1,1
"575",-7,0,"coup",47,1,1
"576",-7,0,"coup",49,2,2
"577",-7,0,"coup",50,1,1
"578",-7,1,"attempt",1,2,2
"579",-7,1,"attempt",3,2,2
"580",-7,1,"attempt",4,3,3
"581",-7,1,"attempt",5,3,3
"582",-7,1,"attempt",6,1,1
"583",-7,1,"attempt",7,2,2
"584",-7,1,"attempt",9,1,1
"585",-7,1,"attempt",10,2,2
"586",-7,1,"attempt",11,1,1
"587",-7,1,"attempt",12,5,5
"588",-7,1,"attempt",13,2,2
"589",-7,1,"attempt",14,1,1
"590",-7,1,"attempt",15,1,1
"591",-7,1,"attempt",16,2,2
"592",-7,1,"attempt",17,3,3
"593",-7,1,"attempt",18,2,2
"594",-7,1,"attempt",19,1,1
"595",-7,1,"attempt",20,3,3
"596",-7,1,"attempt",21,1,1
"597",-7,1,"attempt",22,1,1
"598",-7,1,"attempt",23,2,2
"599",-7,1,"attempt",26,1,1
"600",-7,1,"attempt",27,1,1
"601",-7,1,"attempt",28,1,1
"602",-7,1,"attempt",29,2,2
"603",-7,1,"attempt",30,1,1
"604",-7,1,"attempt",31,3,3
"605",-7,1,"attempt",32,2,2
"606",-7,1,"attempt",33,1,1
"607",-7,1,"attempt",34,2,2
"608",-7,1,"attempt",35,1,1
"609",-7,1,"attempt",36,1,1
"610",-7,1,"attempt",38,2,2
"611",-7,1,"attempt",39,1,1
"612",-7,1,"attempt",40,3,3
"613",-7,1,"attempt",41,2,2
"614",-7,1,"attempt",42,4,4
"615",-7,1,"attempt",43,2,2
"616",-7,1,"attempt",44,2,2
"617",-7,1,"attempt",45,2,2
"618",-7,1,"attempt",46,3,3
"619",-7,1,"attempt",47,2,2
"620",-7,1,"attempt",48,2,2
"621",-7,1,"attempt",50,1,1
"622",-7,1,"coup",1,114,114
"623",-7,1,"coup",2,109,109
"624",-7,1,"coup",3,89,89
"625",-7,1,"coup",4,137,137
"626",-7,1,"coup",5,128,128
"627",-7,1,"coup",6,126,126
"628",-7,1,"coup",7,121,121
"629",-7,1,"coup",8,116,116
"630",-7,1,"coup",9,117,117
"631",-7,1,"coup",10,117,117
"632",-7,1,"coup",11,137,137
"633",-7,1,"coup",12,127,127
"634",-7,1,"coup",13,120,120
"635",-7,1,"coup",14,116,116
"636",-7,1,"coup",15,113,113
"637",-7,1,"coup",16,130,130
"638",-7,1,"coup",17,119,119
"639",-7,1,"coup",18,120,120
"640",-7,1,"coup",19,112,112
"641",-7,1,"coup",20,124,124
"642",-7,1,"coup",21,96,96
"643",-7,1,"coup",22,115,115
"644",-7,1,"coup",23,111,111
"645",-7,1,"coup",24,118,118
"646",-7,1,"coup",25,129,129
"647",-7,1,"coup",26,118,118
"648",-7,1,"coup",27,120,120
"649",-7,1,"coup",28,109,109
"650",-7,1,"coup",29,113,113
"651",-7,1,"coup",30,114,114
"652",-7,1,"coup",31,128,128
"653",-7,1,"coup",32,111,111
"654",-7,1,"coup",33,122,122
"655",-7,1,"coup",34,122,122
"656",-7,1,"coup",35,115,115
"657",-7,1,"coup",36,119,119
"658",-7,1,"coup",37,116,116
"659",-7,1,"coup",38,134,134
"660",-7,1,"coup",39,129,129
"661",-7,1,"coup",40,113,113
"662",-7,1,"coup",41,116,116
"663",-7,1,"coup",42,128,128
"664",-7,1,"coup",43,106,106
"665",-7,1,"coup",44,103,103
"666",-7,1,"coup",45,109,109
"667",-7,1,"coup",46,113,113
"668",-7,1,"coup",47,129,129
"669",-7,1,"coup",48,135,135
"670",-7,1,"coup",49,128,128
"671",-7,1,"coup",50,113,113
"672",-6,0,"attempt",1,23,23
"673",-6,0,"attempt",2,20,20
"674",-6,0,"attempt",3,20,20
"675",-6,0,"attempt",4,23,23
"676",-6,0,"attempt",5,31,31
"677",-6,0,"attempt",6,25,25
"678",-6,0,"attempt",7,26,26
"679",-6,0,"attempt",8,28,28
"680",-6,0,"attempt",9,19,19
"681",-6,0,"attempt",10,21,21
"682",-6,0,"attempt",11,13,13
"683",-6,0,"attempt",12,22,22
"684",-6,0,"attempt",13,20,20
"685",-6,0,"attempt",14,19,19
"686",-6,0,"attempt",15,24,24
"687",-6,0,"attempt",16,20,20
"688",-6,0,"attempt",17,28,28
"689",-6,0,"attempt",18,20,20
"690",-6,0,"attempt",19,28,28
"691",-6,0,"attempt",20,19,19
"692",-6,0,"attempt",21,16,16
"693",-6,0,"attempt",22,19,19
"694",-6,0,"attempt",23,19,19
"695",-6,0,"attempt",24,24,24
"696",-6,0,"attempt",25,20,20
"697",-6,0,"attempt",26,21,21
"698",-6,0,"attempt",27,26,26
"699",-6,0,"attempt",28,32,32
"700",-6,0,"attempt",29,23,23
"701",-6,0,"attempt",30,31,31
"702",-6,0,"attempt",31,22,22
"703",-6,0,"attempt",32,29,29
"704",-6,0,"attempt",33,21,21
"705",-6,0,"attempt",34,25,25
"706",-6,0,"attempt",35,23,23
"707",-6,0,"attempt",36,26,26
"708",-6,0,"attempt",37,21,21
"709",-6,0,"attempt",38,20,20
"710",-6,0,"attempt",39,22,22
"711",-6,0,"attempt",40,21,21
"712",-6,0,"attempt",41,30,30
"713",-6,0,"attempt",42,19,19
"714",-6,0,"attempt",43,24,24
"715",-6,0,"attempt",44,27,27
"716",-6,0,"attempt",45,20,20
"717",-6,0,"attempt",46,26,26
"718",-6,0,"attempt",47,23,23
"719",-6,0,"attempt",48,28,28
"720",-6,0,"attempt",49,19,19
"721",-6,0,"attempt",50,21,21
"722",-6,0,"conspiracy",1,42,42
"723",-6,0,"conspiracy",2,38,38
"724",-6,0,"conspiracy",3,42,42
"725",-6,0,"conspiracy",4,40,40
"726",-6,0,"conspiracy",5,42,42
"727",-6,0,"conspiracy",6,43,43
"728",-6,0,"conspiracy",7,41,41
"729",-6,0,"conspiracy",8,43,43
"730",-6,0,"conspiracy",9,35,35
"731",-6,0,"conspiracy",10,37,37
"732",-6,0,"conspiracy",11,42,42
"733",-6,0,"conspiracy",12,34,34
"734",-6,0,"conspiracy",13,38,38
"735",-6,0,"conspiracy",14,51,51
"736",-6,0,"conspiracy",15,36,36
"737",-6,0,"conspiracy",16,25,25
"738",-6,0,"conspiracy",17,28,28
"739",-6,0,"conspiracy",18,29,29
"740",-6,0,"conspiracy",19,36,36
"741",-6,0,"conspiracy",20,33,33
"742",-6,0,"conspiracy",21,44,44
"743",-6,0,"conspiracy",22,42,42
"744",-6,0,"conspiracy",23,35,35
"745",-6,0,"conspiracy",24,37,37
"746",-6,0,"conspiracy",25,45,45
"747",-6,0,"conspiracy",26,27,27
"748",-6,0,"conspiracy",27,33,33
"749",-6,0,"conspiracy",28,41,41
"750",-6,0,"conspiracy",29,41,41
"751",-6,0,"conspiracy",30,35,35
"752",-6,0,"conspiracy",31,48,48
"753",-6,0,"conspiracy",32,43,43
"754",-6,0,"conspiracy",33,44,44
"755",-6,0,"conspiracy",34,37,37
"756",-6,0,"conspiracy",35,35,35
"757",-6,0,"conspiracy",36,33,33
"758",-6,0,"conspiracy",37,45,45
"759",-6,0,"conspiracy",38,32,32
"760",-6,0,"conspiracy",39,45,45
"761",-6,0,"conspiracy",40,42,42
"762",-6,0,"conspiracy",41,35,35
"763",-6,0,"conspiracy",42,30,30
"764",-6,0,"conspiracy",43,35,35
"765",-6,0,"conspiracy",44,48,48
"766",-6,0,"conspiracy",45,34,34
"767",-6,0,"conspiracy",46,32,32
"768",-6,0,"conspiracy",47,34,34
"769",-6,0,"conspiracy",48,36,36
"770",-6,0,"conspiracy",49,41,41
"771",-6,0,"conspiracy",50,30,30
"772",-6,1,"coup",1,21,21
"773",-6,1,"coup",2,13,13
"774",-6,1,"coup",3,16,16
"775",-6,1,"coup",4,20,20
"776",-6,1,"coup",5,24,24
"777",-6,1,"coup",6,25,25
"778",-6,1,"coup",7,19,19
"779",-6,1,"coup",8,21,21
"780",-6,1,"coup",9,17,17
"781",-6,1,"coup",10,24,24
"782",-6,1,"coup",11,22,22
"783",-6,1,"coup",12,22,22
"784",-6,1,"coup",13,23,23
"785",-6,1,"coup",14,18,18
"786",-6,1,"coup",15,20,20
"787",-6,1,"coup",16,22,22
"788",-6,1,"coup",17,16,16
"789",-6,1,"coup",18,10,10
"790",-6,1,"coup",19,22,22
"791",-6,1,"coup",20,18,18
"792",-6,1,"coup",21,27,27
"793",-6,1,"coup",22,15,15
"794",-6,1,"coup",23,12,12
"795",-6,1,"coup",24,15,15
"796",-6,1,"coup",25,20,20
"797",-6,1,"coup",26,24,24
"798",-6,1,"coup",27,21,21
"799",-6,1,"coup",28,14,14
"800",-6,1,"coup",29,16,16
"801",-6,1,"coup",30,17,17
"802",-6,1,"coup",31,16,16
"803",-6,1,"coup",32,17,17
"804",-6,1,"coup",33,16,16
"805",-6,1,"coup",34,21,21
"806",-6,1,"coup",35,22,22
"807",-6,1,"coup",36,10,10
"808",-6,1,"coup",37,21,21
"809",-6,1,"coup",38,15,15
"810",-6,1,"coup",39,21,21
"811",-6,1,"coup",40,20,20
"812",-6,1,"coup",41,17,17
"813",-6,1,"coup",42,12,12
"814",-6,1,"coup",43,19,19
"815",-6,1,"coup",44,19,19
"816",-6,1,"coup",45,21,21
"817",-6,1,"coup",46,11,11
"818",-6,1,"coup",47,18,18
"819",-6,1,"coup",48,18,18
"820",-6,1,"coup",49,20,20
"821",-6,1,"coup",50,18,18
"822",-5,0,"attempt",1,20,20
"823",-5,0,"attempt",2,14,14
"824",-5,0,"attempt",3,33,33
"825",-5,0,"attempt",4,17,17
"826",-5,0,"attempt",5,24,24
"827",-5,0,"attempt",6,23,23
"828",-5,0,"attempt",7,18,18
"829",-5,0,"attempt",8,19,19
"830",-5,0,"attempt",9,27,27
"831",-5,0,"attempt",10,20,20
"832",-5,0,"attempt",11,21,21
"833",-5,0,"attempt",12,27,27
"834",-5,0,"attempt",13,29,29
"835",-5,0,"attempt",14,30,30
"836",-5,0,"attempt",15,21,21
"837",-5,0,"attempt",16,18,18
"838",-5,0,"attempt",17,23,23
"839",-5,0,"attempt",18,20,20
"840",-5,0,"attempt",19,24,24
"841",-5,0,"attempt",20,25,25
"842",-5,0,"attempt",21,26,26
"843",-5,0,"attempt",22,17,17
"844",-5,0,"attempt",23,22,22
"845",-5,0,"attempt",24,20,20
"846",-5,0,"attempt",25,13,13
"847",-5,0,"attempt",26,26,26
"848",-5,0,"attempt",27,22,22
"849",-5,0,"attempt",28,17,17
"850",-5,0,"attempt",29,20,20
"851",-5,0,"attempt",30,18,18
"852",-5,0,"attempt",31,20,20
"853",-5,0,"attempt",32,19,19
"854",-5,0,"attempt",33,26,26
"855",-5,0,"attempt",34,25,25
"856",-5,0,"attempt",35,20,20
"857",-5,0,"attempt",36,24,24
"858",-5,0,"attempt",37,26,26
"859",-5,0,"attempt",38,21,21
"860",-5,0,"attempt",39,24,24
"861",-5,0,"attempt",40,20,20
"862",-5,0,"attempt",41,23,23
"863",-5,0,"attempt",42,23,23
"864",-5,0,"attempt",43,23,23
"865",-5,0,"attempt",44,23,23
"866",-5,0,"attempt",45,15,15
"867",-5,0,"attempt",46,25,25
"868",-5,0,"attempt",47,24,24
"869",-5,0,"attempt",48,25,25
"870",-5,0,"attempt",49,22,22
"871",-5,0,"attempt",50,17,17
"872",-5,0,"conspiracy",1,7,7
"873",-5,0,"conspiracy",2,8,8
"874",-5,0,"conspiracy",3,10,10
"875",-5,0,"conspiracy",4,8,8
"876",-5,0,"conspiracy",5,8,8
"877",-5,0,"conspiracy",6,12,12
"878",-5,0,"conspiracy",7,11,11
"879",-5,0,"conspiracy",8,12,12
"880",-5,0,"conspiracy",9,11,11
"881",-5,0,"conspiracy",10,4,4
"882",-5,0,"conspiracy",11,12,12
"883",-5,0,"conspiracy",12,9,9
"884",-5,0,"conspiracy",13,11,11
"885",-5,0,"conspiracy",14,6,6
"886",-5,0,"conspiracy",15,5,5
"887",-5,0,"conspiracy",16,10,10
"888",-5,0,"conspiracy",17,9,9
"889",-5,0,"conspiracy",18,11,11
"890",-5,0,"conspiracy",19,8,8
"891",-5,0,"conspiracy",20,5,5
"892",-5,0,"conspiracy",21,15,15
"893",-5,0,"conspiracy",22,8,8
"894",-5,0,"conspiracy",23,10,10
"895",-5,0,"conspiracy",24,9,9
"896",-5,0,"conspiracy",25,5,5
"897",-5,0,"conspiracy",26,10,10
"898",-5,0,"conspiracy",27,11,11
"899",-5,0,"conspiracy",28,13,13
"900",-5,0,"conspiracy",29,7,7
"901",-5,0,"conspiracy",30,10,10
"902",-5,0,"conspiracy",31,8,8
"903",-5,0,"conspiracy",32,10,10
"904",-5,0,"conspiracy",33,7,7
"905",-5,0,"conspiracy",34,9,9
"906",-5,0,"conspiracy",35,11,11
"907",-5,0,"conspiracy",36,8,8
"908",-5,0,"conspiracy",37,9,9
"909",-5,0,"conspiracy",38,13,13
"910",-5,0,"conspiracy",39,6,6
"911",-5,0,"conspiracy",40,10,10
"912",-5,0,"conspiracy",41,9,9
"913",-5,0,"conspiracy",42,7,7
"914",-5,0,"conspiracy",43,5,5
"915",-5,0,"conspiracy",44,8,8
"916",-5,0,"conspiracy",45,6,6
"917",-5,0,"conspiracy",46,10,10
"918",-5,0,"conspiracy",47,6,6
"919",-5,0,"conspiracy",48,14,14
"920",-5,0,"conspiracy",49,7,7
"921",-5,0,"conspiracy",50,11,11
"922",-5,1,"coup",1,36,36
"923",-5,1,"coup",2,41,41
"924",-5,1,"coup",3,38,38
"925",-5,1,"coup",4,37,37
"926",-5,1,"coup",5,36,36
"927",-5,1,"coup",6,34,34
"928",-5,1,"coup",7,29,29
"929",-5,1,"coup",8,32,32
"930",-5,1,"coup",9,36,36
"931",-5,1,"coup",10,27,27
"932",-5,1,"coup",11,41,41
"933",-5,1,"coup",12,36,36
"934",-5,1,"coup",13,37,37
"935",-5,1,"coup",14,24,24
"936",-5,1,"coup",15,37,37
"937",-5,1,"coup",16,27,27
"938",-5,1,"coup",17,34,34
"939",-5,1,"coup",18,38,38
"940",-5,1,"coup",19,37,37
"941",-5,1,"coup",20,35,35
"942",-5,1,"coup",21,34,34
"943",-5,1,"coup",22,40,40
"944",-5,1,"coup",23,35,35
"945",-5,1,"coup",24,38,38
"946",-5,1,"coup",25,35,35
"947",-5,1,"coup",26,37,37
"948",-5,1,"coup",27,33,33
"949",-5,1,"coup",28,35,35
"950",-5,1,"coup",29,40,40
"951",-5,1,"coup",30,35,35
"952",-5,1,"coup",31,23,23
"953",-5,1,"coup",32,34,34
"954",-5,1,"coup",33,40,40
"955",-5,1,"coup",34,39,39
"956",-5,1,"coup",35,40,40
"957",-5,1,"coup",36,45,45
"958",-5,1,"coup",37,37,37
"959",-5,1,"coup",38,48,48
"960",-5,1,"coup",39,45,45
"961",-5,1,"coup",40,29,29
"962",-5,1,"coup",41,30,30
"963",-5,1,"coup",42,26,26
"964",-5,1,"coup",43,32,32
"965",-5,1,"coup",44,42,42
"966",-5,1,"coup",45,48,48
"967",-5,1,"coup",46,36,36
"968",-5,1,"coup",47,31,31
"969",-5,1,"coup",48,35,35
"970",-5,1,"coup",49,35,35
"971",-5,1,"coup",50,48,48
"972",-4,0,"attempt",1,10,10
"973",-4,0,"attempt",2,10,10
"974",-4,0,"attempt",3,7,7
"975",-4,0,"attempt",4,8,8
"976",-4,0,"attempt",5,1,1
"977",-4,0,"attempt",6,7,7
"978",-4,0,"attempt",7,10,10
"979",-4,0,"attempt",8,11,11
"980",-4,0,"attempt",9,10,10
"981",-4,0,"attempt",10,6,6
"982",-4,0,"attempt",11,12,12
"983",-4,0,"attempt",12,7,7
"984",-4,0,"attempt",13,7,7
"985",-4,0,"attempt",14,8,8
"986",-4,0,"attempt",15,7,7
"987",-4,0,"attempt",17,4,4
"988",-4,0,"attempt",18,3,3
"989",-4,0,"attempt",19,11,11
"990",-4,0,"attempt",20,11,11
"991",-4,0,"attempt",21,9,9
"992",-4,0,"attempt",22,8,8
"993",-4,0,"attempt",23,5,5
"994",-4,0,"attempt",24,10,10
"995",-4,0,"attempt",25,8,8
"996",-4,0,"attempt",26,7,7
"997",-4,0,"attempt",27,6,6
"998",-4,0,"attempt",28,7,7
"999",-4,0,"attempt",29,8,8
"1000",-4,0,"attempt",30,8,8
"1001",-4,0,"attempt",31,8,8
"1002",-4,0,"attempt",32,8,8
"1003",-4,0,"attempt",33,7,7
"1004",-4,0,"attempt",34,8,8
"1005",-4,0,"attempt",35,5,5
"1006",-4,0,"attempt",36,7,7
"1007",-4,0,"attempt",37,8,8
"1008",-4,0,"attempt",38,6,6
"1009",-4,0,"attempt",39,8,8
"1010",-4,0,"attempt",40,14,14
"1011",-4,0,"attempt",41,9,9
"1012",-4,0,"attempt",42,11,11
"1013",-4,0,"attempt",43,7,7
"1014",-4,0,"attempt",44,11,11
"1015",-4,0,"attempt",45,9,9
"1016",-4,0,"attempt",46,9,9
"1017",-4,0,"attempt",47,11,11
"1018",-4,0,"attempt",48,6,6
"1019",-4,0,"attempt",49,7,7
"1020",-4,0,"attempt",50,10,10
"1021",-4,0,"conspiracy",1,7,7
"1022",-4,0,"conspiracy",2,4,4
"1023",-4,0,"conspiracy",3,5,5
"1024",-4,0,"conspiracy",4,4,4
"1025",-4,0,"conspiracy",5,8,8
"1026",-4,0,"conspiracy",6,1,1
"1027",-4,0,"conspiracy",7,3,3
"1028",-4,0,"conspiracy",8,2,2
"1029",-4,0,"conspiracy",9,5,5
"1030",-4,0,"conspiracy",10,6,6
"1031",-4,0,"conspiracy",11,3,3
"1032",-4,0,"conspiracy",12,5,5
"1033",-4,0,"conspiracy",13,9,9
"1034",-4,0,"conspiracy",14,3,3
"1035",-4,0,"conspiracy",15,2,2
"1036",-4,0,"conspiracy",16,5,5
"1037",-4,0,"conspiracy",17,4,4
"1038",-4,0,"conspiracy",18,2,2
"1039",-4,0,"conspiracy",19,6,6
"1040",-4,0,"conspiracy",20,6,6
"1041",-4,0,"conspiracy",21,9,9
"1042",-4,0,"conspiracy",22,10,10
"1043",-4,0,"conspiracy",23,4,4
"1044",-4,0,"conspiracy",24,4,4
"1045",-4,0,"conspiracy",25,7,7
"1046",-4,0,"conspiracy",26,2,2
"1047",-4,0,"conspiracy",27,6,6
"1048",-4,0,"conspiracy",28,6,6
"1049",-4,0,"conspiracy",29,3,3
"1050",-4,0,"conspiracy",30,5,5
"1051",-4,0,"conspiracy",31,6,6
"1052",-4,0,"conspiracy",32,4,4
"1053",-4,0,"conspiracy",33,5,5
"1054",-4,0,"conspiracy",34,2,2
"1055",-4,0,"conspiracy",35,4,4
"1056",-4,0,"conspiracy",36,3,3
"1057",-4,0,"conspiracy",37,6,6
"1058",-4,0,"conspiracy",38,4,4
"1059",-4,0,"conspiracy",39,6,6
"1060",-4,0,"conspiracy",40,8,8
"1061",-4,0,"conspiracy",41,4,4
"1062",-4,0,"conspiracy",42,3,3
"1063",-4,0,"conspiracy",43,4,4
"1064",-4,0,"conspiracy",44,5,5
"1065",-4,0,"conspiracy",45,3,3
"1066",-4,0,"conspiracy",46,6,6
"1067",-4,0,"conspiracy",47,4,4
"1068",-4,0,"conspiracy",48,5,5
"1069",-4,0,"conspiracy",49,6,6
"1070",-4,0,"conspiracy",50,5,5
"1071",-4,1,"coup",1,17,17
"1072",-4,1,"coup",2,12,12
"1073",-4,1,"coup",3,5,5
"1074",-4,1,"coup",4,8,8
"1075",-4,1,"coup",5,9,9
"1076",-4,1,"coup",6,5,5
"1077",-4,1,"coup",7,11,11
"1078",-4,1,"coup",8,6,6
"1079",-4,1,"coup",9,11,11
"1080",-4,1,"coup",10,9,9
"1081",-4,1,"coup",11,11,11
"1082",-4,1,"coup",12,9,9
"1083",-4,1,"coup",13,10,10
"1084",-4,1,"coup",14,12,12
"1085",-4,1,"coup",15,10,10
"1086",-4,1,"coup",16,8,8
"1087",-4,1,"coup",17,5,5
"1088",-4,1,"coup",18,10,10
"1089",-4,1,"coup",19,4,4
"1090",-4,1,"coup",20,5,5
"1091",-4,1,"coup",21,3,3
"1092",-4,1,"coup",22,11,11
"1093",-4,1,"coup",23,11,11
"1094",-4,1,"coup",24,7,7
"1095",-4,1,"coup",25,7,7
"1096",-4,1,"coup",26,11,11
"1097",-4,1,"coup",27,7,7
"1098",-4,1,"coup",28,4,4
"1099",-4,1,"coup",29,9,9
"1100",-4,1,"coup",30,3,3
"1101",-4,1,"coup",31,7,7
"1102",-4,1,"coup",32,9,9
"1103",-4,1,"coup",33,8,8
"1104",-4,1,"coup",34,7,7
"1105",-4,1,"coup",35,8,8
"1106",-4,1,"coup",36,10,10
"1107",-4,1,"coup",37,5,5
"1108",-4,1,"coup",38,6,6
"1109",-4,1,"coup",39,6,6
"1110",-4,1,"coup",40,7,7
"1111",-4,1,"coup",41,6,6
"1112",-4,1,"coup",42,10,10
"1113",-4,1,"coup",43,7,7
"1114",-4,1,"coup",44,12,12
"1115",-4,1,"coup",45,12,12
"1116",-4,1,"coup",46,5,5
"1117",-4,1,"coup",47,13,13
"1118",-4,1,"coup",48,7,7
"1119",-4,1,"coup",49,9,9
"1120",-4,1,"coup",50,9,9
"1121",-3,0,"attempt",1,4,4
"1122",-3,0,"attempt",2,11,11
"1123",-3,0,"attempt",3,7,7
"1124",-3,0,"attempt",4,9,9
"1125",-3,0,"attempt",5,11,11
"1126",-3,0,"attempt",6,6,6
"1127",-3,0,"attempt",7,11,11
"1128",-3,0,"attempt",8,10,10
"1129",-3,0,"attempt",9,10,10
"1130",-3,0,"attempt",10,15,15
"1131",-3,0,"attempt",11,5,5
"1132",-3,0,"attempt",12,8,8
"1133",-3,0,"attempt",13,10,10
"1134",-3,0,"attempt",14,13,13
"1135",-3,0,"attempt",15,9,9
"1136",-3,0,"attempt",16,14,14
"1137",-3,0,"attempt",17,8,8
"1138",-3,0,"attempt",18,10,10
"1139",-3,0,"attempt",19,12,12
"1140",-3,0,"attempt",20,6,6
"1141",-3,0,"attempt",21,6,6
"1142",-3,0,"attempt",22,8,8
"1143",-3,0,"attempt",23,8,8
"1144",-3,0,"attempt",24,7,7
"1145",-3,0,"attempt",25,9,9
"1146",-3,0,"attempt",26,7,7
"1147",-3,0,"attempt",27,12,12
"1148",-3,0,"attempt",28,15,15
"1149",-3,0,"attempt",29,14,14
"1150",-3,0,"attempt",30,11,11
"1151",-3,0,"attempt",31,16,16
"1152",-3,0,"attempt",32,11,11
"1153",-3,0,"attempt",33,15,15
"1154",-3,0,"attempt",34,15,15
"1155",-3,0,"attempt",35,9,9
"1156",-3,0,"attempt",36,9,9
"1157",-3,0,"attempt",37,5,5
"1158",-3,0,"attempt",38,9,9
"1159",-3,0,"attempt",39,18,18
"1160",-3,0,"attempt",40,8,8
"1161",-3,0,"attempt",41,8,8
"1162",-3,0,"attempt",42,12,12
"1163",-3,0,"attempt",43,10,10
"1164",-3,0,"attempt",44,13,13
"1165",-3,0,"attempt",45,7,7
"1166",-3,0,"attempt",46,6,6
"1167",-3,0,"attempt",47,13,13
"1168",-3,0,"attempt",48,9,9
"1169",-3,0,"attempt",49,9,9
"1170",-3,0,"attempt",50,3,3
"1171",-3,0,"conspiracy",1,3,3
"1172",-3,0,"conspiracy",2,10,10
"1173",-3,0,"conspiracy",3,8,8
"1174",-3,0,"conspiracy",4,1,1
"1175",-3,0,"conspiracy",5,4,4
"1176",-3,0,"conspiracy",6,3,3
"1177",-3,0,"conspiracy",7,4,4
"1178",-3,0,"conspiracy",8,5,5
"1179",-3,0,"conspiracy",9,3,3
"1180",-3,0,"conspiracy",10,3,3
"1181",-3,0,"conspiracy",11,5,5
"1182",-3,0,"conspiracy",12,4,4
"1183",-3,0,"conspiracy",13,3,3
"1184",-3,0,"conspiracy",14,1,1
"1185",-3,0,"conspiracy",15,2,2
"1186",-3,0,"conspiracy",16,6,6
"1187",-3,0,"conspiracy",17,5,5
"1188",-3,0,"conspiracy",18,5,5
"1189",-3,0,"conspiracy",19,6,6
"1190",-3,0,"conspiracy",20,11,11
"1191",-3,0,"conspiracy",21,2,2
"1192",-3,0,"conspiracy",22,8,8
"1193",-3,0,"conspiracy",23,6,6
"1194",-3,0,"conspiracy",24,7,7
"1195",-3,0,"conspiracy",25,2,2
"1196",-3,0,"conspiracy",26,7,7
"1197",-3,0,"conspiracy",27,3,3
"1198",-3,0,"conspiracy",28,4,4
"1199",-3,0,"conspiracy",29,5,5
"1200",-3,0,"conspiracy",30,6,6
"1201",-3,0,"conspiracy",31,8,8
"1202",-3,0,"conspiracy",32,6,6
"1203",-3,0,"conspiracy",33,3,3
"1204",-3,0,"conspiracy",34,5,5
"1205",-3,0,"conspiracy",35,9,9
"1206",-3,0,"conspiracy",36,2,2
"1207",-3,0,"conspiracy",37,5,5
"1208",-3,0,"conspiracy",38,9,9
"1209",-3,0,"conspiracy",39,6,6
"1210",-3,0,"conspiracy",40,5,5
"1211",-3,0,"conspiracy",41,4,4
"1212",-3,0,"conspiracy",42,2,2
"1213",-3,0,"conspiracy",43,4,4
"1214",-3,0,"conspiracy",44,5,5
"1215",-3,0,"conspiracy",45,10,10
"1216",-3,0,"conspiracy",46,8,8
"1217",-3,0,"conspiracy",47,8,8
"1218",-3,0,"conspiracy",48,4,4
"1219",-3,0,"conspiracy",49,5,5
"1220",-3,0,"conspiracy",50,2,2
"1221",-3,1,"coup",1,12,12
"1222",-3,1,"coup",2,11,11
"1223",-3,1,"coup",3,12,12
"1224",-3,1,"coup",4,8,8
"1225",-3,1,"coup",5,11,11
"1226",-3,1,"coup",6,16,16
"1227",-3,1,"coup",7,11,11
"1228",-3,1,"coup",8,13,13
"1229",-3,1,"coup",9,8,8
"1230",-3,1,"coup",10,17,17
"1231",-3,1,"coup",11,17,17
"1232",-3,1,"coup",12,13,13
"1233",-3,1,"coup",13,8,8
"1234",-3,1,"coup",14,13,13
"1235",-3,1,"coup",15,4,4
"1236",-3,1,"coup",16,5,5
"1237",-3,1,"coup",17,11,11
"1238",-3,1,"coup",18,15,15
"1239",-3,1,"coup",19,16,16
"1240",-3,1,"coup",20,13,13
"1241",-3,1,"coup",21,18,18
"1242",-3,1,"coup",22,12,12
"1243",-3,1,"coup",23,17,17
"1244",-3,1,"coup",24,15,15
"1245",-3,1,"coup",25,19,19
"1246",-3,1,"coup",26,18,18
"1247",-3,1,"coup",27,11,11
"1248",-3,1,"coup",28,9,9
"1249",-3,1,"coup",29,10,10
"1250",-3,1,"coup",30,15,15
"1251",-3,1,"coup",31,6,6
"1252",-3,1,"coup",32,9,9
"1253",-3,1,"coup",33,18,18
"1254",-3,1,"coup",34,10,10
"1255",-3,1,"coup",35,12,12
"1256",-3,1,"coup",36,18,18
"1257",-3,1,"coup",37,19,19
"1258",-3,1,"coup",38,11,11
"1259",-3,1,"coup",39,14,14
"1260",-3,1,"coup",40,15,15
"1261",-3,1,"coup",41,7,7
"1262",-3,1,"coup",42,12,12
"1263",-3,1,"coup",43,15,15
"1264",-3,1,"coup",44,8,8
"1265",-3,1,"coup",45,9,9
"1266",-3,1,"coup",46,16,16
"1267",-3,1,"coup",47,9,9
"1268",-3,1,"coup",48,8,8
"1269",-3,1,"coup",49,11,11
"1270",-3,1,"coup",50,12,12
"1271",-2,0,"attempt",1,1,1
"1272",-2,0,"attempt",3,1,1
"1273",-2,0,"attempt",4,2,2
"1274",-2,0,"attempt",5,3,3
"1275",-2,0,"attempt",7,1,1
"1276",-2,0,"attempt",8,2,2
"1277",-2,0,"attempt",10,1,1
"1278",-2,0,"attempt",12,2,2
"1279",-2,0,"attempt",13,2,2
"1280",-2,0,"attempt",14,4,4
"1281",-2,0,"attempt",17,1,1
"1282",-2,0,"attempt",18,2,2
"1283",-2,0,"attempt",20,2,2
"1284",-2,0,"attempt",21,4,4
"1285",-2,0,"attempt",22,1,1
"1286",-2,0,"attempt",23,2,2
"1287",-2,0,"attempt",24,2,2
"1288",-2,0,"attempt",27,4,4
"1289",-2,0,"attempt",28,3,3
"1290",-2,0,"attempt",29,3,3
"1291",-2,0,"attempt",30,1,1
"1292",-2,0,"attempt",31,3,3
"1293",-2,0,"attempt",32,2,2
"1294",-2,0,"attempt",33,1,1
"1295",-2,0,"attempt",34,1,1
"1296",-2,0,"attempt",35,3,3
"1297",-2,0,"attempt",36,1,1
"1298",-2,0,"attempt",37,2,2
"1299",-2,0,"attempt",38,2,2
"1300",-2,0,"attempt",39,2,2
"1301",-2,0,"attempt",40,2,2
"1302",-2,0,"attempt",41,2,2
"1303",-2,0,"attempt",42,3,3
"1304",-2,0,"attempt",43,3,3
"1305",-2,0,"attempt",44,2,2
"1306",-2,0,"attempt",45,1,1
"1307",-2,0,"attempt",46,4,4
"1308",-2,0,"attempt",47,5,5
"1309",-2,0,"attempt",48,3,3
"1310",-2,0,"attempt",49,4,4
"1311",-2,0,"attempt",50,3,3
"1312",-2,0,"conspiracy",1,1,1
"1313",-2,0,"conspiracy",2,1,1
"1314",-2,0,"conspiracy",3,2,2
"1315",-2,0,"conspiracy",4,2,2
"1316",-2,0,"conspiracy",5,1,1
"1317",-2,0,"conspiracy",7,1,1
"1318",-2,0,"conspiracy",8,3,3
"1319",-2,0,"conspiracy",9,3,3
"1320",-2,0,"conspiracy",10,4,4
"1321",-2,0,"conspiracy",11,1,1
"1322",-2,0,"conspiracy",13,3,3
"1323",-2,0,"conspiracy",14,1,1
"1324",-2,0,"conspiracy",15,1,1
"1325",-2,0,"conspiracy",16,2,2
"1326",-2,0,"conspiracy",17,2,2
"1327",-2,0,"conspiracy",19,3,3
"1328",-2,0,"conspiracy",20,1,1
"1329",-2,0,"conspiracy",21,3,3
"1330",-2,0,"conspiracy",22,2,2
"1331",-2,0,"conspiracy",23,1,1
"1332",-2,0,"conspiracy",24,2,2
"1333",-2,0,"conspiracy",25,3,3
"1334",-2,0,"conspiracy",26,2,2
"1335",-2,0,"conspiracy",27,1,1
"1336",-2,0,"conspiracy",28,3,3
"1337",-2,0,"conspiracy",29,2,2
"1338",-2,0,"conspiracy",31,2,2
"1339",-2,0,"conspiracy",32,3,3
"1340",-2,0,"conspiracy",33,1,1
"1341",-2,0,"conspiracy",34,1,1
"1342",-2,0,"conspiracy",35,4,4
"1343",-2,0,"conspiracy",38,1,1
"1344",-2,0,"conspiracy",39,2,2
"1345",-2,0,"conspiracy",40,5,5
"1346",-2,0,"conspiracy",41,2,2
"1347",-2,0,"conspiracy",43,3,3
"1348",-2,0,"conspiracy",44,2,2
"1349",-2,0,"conspiracy",45,5,5
"1350",-2,0,"conspiracy",46,2,2
"1351",-2,0,"conspiracy",47,5,5
"1352",-2,0,"conspiracy",50,3,3
"1353",-2,1,"coup",1,4,4
"1354",-2,1,"coup",2,6,6
"1355",-2,1,"coup",3,7,7
"1356",-2,1,"coup",4,16,16
"1357",-2,1,"coup",5,4,4
"1358",-2,1,"coup",6,9,9
"1359",-2,1,"coup",7,6,6
"1360",-2,1,"coup",8,5,5
"1361",-2,1,"coup",9,7,7
"1362",-2,1,"coup",10,7,7
"1363",-2,1,"coup",11,3,3
"1364",-2,1,"coup",12,14,14
"1365",-2,1,"coup",13,9,9
"1366",-2,1,"coup",14,4,4
"1367",-2,1,"coup",15,6,6
"1368",-2,1,"coup",16,8,8
"1369",-2,1,"coup",17,9,9
"1370",-2,1,"coup",18,9,9
"1371",-2,1,"coup",19,8,8
"1372",-2,1,"coup",20,12,12
"1373",-2,1,"coup",21,5,5
"1374",-2,1,"coup",22,11,11
"1375",-2,1,"coup",23,6,6
"1376",-2,1,"coup",24,11,11
"1377",-2,1,"coup",25,6,6
"1378",-2,1,"coup",26,6,6
"1379",-2,1,"coup",27,5,5
"1380",-2,1,"coup",28,8,8
"1381",-2,1,"coup",29,8,8
"1382",-2,1,"coup",30,13,13
"1383",-2,1,"coup",31,7,7
"1384",-2,1,"coup",32,4,4
"1385",-2,1,"coup",33,7,7
"1386",-2,1,"coup",34,4,4
"1387",-2,1,"coup",35,8,8
"1388",-2,1,"coup",36,7,7
"1389",-2,1,"coup",37,8,8
"1390",-2,1,"coup",38,8,8
"1391",-2,1,"coup",39,6,6
"1392",-2,1,"coup",40,13,13
"1393",-2,1,"coup",41,8,8
"1394",-2,1,"coup",42,8,8
"1395",-2,1,"coup",43,5,5
"1396",-2,1,"coup",44,9,9
"1397",-2,1,"coup",45,8,8
"1398",-2,1,"coup",46,11,11
"1399",-2,1,"coup",47,7,7
"1400",-2,1,"coup",48,7,7
"1401",-2,1,"coup",49,6,6
"1402",-2,1,"coup",50,10,10
"1403",-1,0,"attempt",1,14,14
"1404",-1,0,"attempt",2,25,25
"1405",-1,0,"attempt",3,11,11
"1406",-1,0,"attempt",4,11,11
"1407",-1,0,"attempt",5,11,11
"1408",-1,0,"attempt",6,5,5
"1409",-1,0,"attempt",7,17,17
"1410",-1,0,"attempt",8,9,9
"1411",-1,0,"attempt",9,19,19
"1412",-1,0,"attempt",10,14,14
"1413",-1,0,"attempt",11,7,7
"1414",-1,0,"attempt",12,10,10
"1415",-1,0,"attempt",13,10,10
"1416",-1,0,"attempt",14,16,16
"1417",-1,0,"attempt",15,13,13
"1418",-1,0,"attempt",16,19,19
"1419",-1,0,"attempt",17,14,14
"1420",-1,0,"attempt",18,5,5
"1421",-1,0,"attempt",19,15,15
"1422",-1,0,"attempt",20,8,8
"1423",-1,0,"attempt",21,16,16
"1424",-1,0,"attempt",22,3,3
"1425",-1,0,"attempt",23,14,14
"1426",-1,0,"attempt",24,19,19
"1427",-1,0,"attempt",25,8,8
"1428",-1,0,"attempt",26,8,8
"1429",-1,0,"attempt",27,10,10
"1430",-1,0,"attempt",28,8,8
"1431",-1,0,"attempt",29,18,18
"1432",-1,0,"attempt",30,14,14
"1433",-1,0,"attempt",31,15,15
"1434",-1,0,"attempt",32,11,11
"1435",-1,0,"attempt",33,14,14
"1436",-1,0,"attempt",34,11,11
"1437",-1,0,"attempt",35,13,13
"1438",-1,0,"attempt",36,12,12
"1439",-1,0,"attempt",37,23,23
"1440",-1,0,"attempt",38,13,13
"1441",-1,0,"attempt",39,8,8
"1442",-1,0,"attempt",40,16,16
"1443",-1,0,"attempt",41,18,18
"1444",-1,0,"attempt",42,13,13
"1445",-1,0,"attempt",43,12,12
"1446",-1,0,"attempt",44,12,12
"1447",-1,0,"attempt",45,19,19
"1448",-1,0,"attempt",46,9,9
"1449",-1,0,"attempt",47,17,17
"1450",-1,0,"attempt",48,15,15
"1451",-1,0,"attempt",49,13,13
"1452",-1,0,"attempt",50,13,13
"1453",-1,0,"conspiracy",1,9,9
"1454",-1,0,"conspiracy",2,8,8
"1455",-1,0,"conspiracy",3,9,9
"1456",-1,0,"conspiracy",4,6,6
"1457",-1,0,"conspiracy",5,7,7
"1458",-1,0,"conspiracy",6,10,10
"1459",-1,0,"conspiracy",7,13,13
"1460",-1,0,"conspiracy",8,9,9
"1461",-1,0,"conspiracy",9,10,10
"1462",-1,0,"conspiracy",10,5,5
"1463",-1,0,"conspiracy",11,6,6
"1464",-1,0,"conspiracy",12,6,6
"1465",-1,0,"conspiracy",13,7,7
"1466",-1,0,"conspiracy",14,6,6
"1467",-1,0,"conspiracy",15,5,5
"1468",-1,0,"conspiracy",16,14,14
"1469",-1,0,"conspiracy",17,6,6
"1470",-1,0,"conspiracy",18,7,7
"1471",-1,0,"conspiracy",19,11,11
"1472",-1,0,"conspiracy",20,5,5
"1473",-1,0,"conspiracy",21,6,6
"1474",-1,0,"conspiracy",22,11,11
"1475",-1,0,"conspiracy",23,3,3
"1476",-1,0,"conspiracy",24,6,6
"1477",-1,0,"conspiracy",25,7,7
"1478",-1,0,"conspiracy",26,4,4
"1479",-1,0,"conspiracy",27,4,4
"1480",-1,0,"conspiracy",28,6,6
"1481",-1,0,"conspiracy",29,7,7
"1482",-1,0,"conspiracy",30,7,7
"1483",-1,0,"conspiracy",31,7,7
"1484",-1,0,"conspiracy",32,7,7
"1485",-1,0,"conspiracy",33,9,9
"1486",-1,0,"conspiracy",34,9,9
"1487",-1,0,"conspiracy",35,4,4
"1488",-1,0,"conspiracy",36,10,10
"1489",-1,0,"conspiracy",37,3,3
"1490",-1,0,"conspiracy",38,6,6
"1491",-1,0,"conspiracy",39,8,8
"1492",-1,0,"conspiracy",40,4,4
"1493",-1,0,"conspiracy",41,7,7
"1494",-1,0,"conspiracy",42,5,5
"1495",-1,0,"conspiracy",43,2,2
"1496",-1,0,"conspiracy",44,5,5
"1497",-1,0,"conspiracy",45,8,8
"1498",-1,0,"conspiracy",46,7,7
"1499",-1,0,"conspiracy",47,8,8
"1500",-1,0,"conspiracy",48,4,4
"1501",-1,0,"conspiracy",49,10,10
"1502",-1,0,"conspiracy",50,7,7
"1503",-1,1,"coup",1,30,30
"1504",-1,1,"coup",2,21,21
"1505",-1,1,"coup",3,19,19
"1506",-1,1,"coup",4,17,17
"1507",-1,1,"coup",5,22,22
"1508",-1,1,"coup",6,18,18
"1509",-1,1,"coup",7,24,24
"1510",-1,1,"coup",8,24,24
"1511",-1,1,"coup",9,30,30
"1512",-1,1,"coup",10,22,22
"1513",-1,1,"coup",11,13,13
"1514",-1,1,"coup",12,14,14
"1515",-1,1,"coup",13,21,21
"1516",-1,1,"coup",14,20,20
"1517",-1,1,"coup",15,19,19
"1518",-1,1,"coup",16,23,23
"1519",-1,1,"coup",17,25,25
"1520",-1,1,"coup",18,21,21
"1521",-1,1,"coup",19,24,24
"1522",-1,1,"coup",20,22,22
"1523",-1,1,"coup",21,25,25
"1524",-1,1,"coup",22,25,25
"1525",-1,1,"coup",23,32,32
"1526",-1,1,"coup",24,20,20
"1527",-1,1,"coup",25,16,16
"1528",-1,1,"coup",26,21,21
"1529",-1,1,"coup",27,14,14
"1530",-1,1,"coup",28,20,20
"1531",-1,1,"coup",29,22,22
"1532",-1,1,"coup",30,22,22
"1533",-1,1,"coup",31,22,22
"1534",-1,1,"coup",32,26,26
"1535",-1,1,"coup",33,17,17
"1536",-1,1,"coup",34,21,21
"1537",-1,1,"coup",35,19,19
"1538",-1,1,"coup",36,20,20
"1539",-1,1,"coup",37,19,19
"1540",-1,1,"coup",38,23,23
"1541",-1,1,"coup",39,20,20
"1542",-1,1,"coup",40,16,16
"1543",-1,1,"coup",41,24,24
"1544",-1,1,"coup",42,16,16
"1545",-1,1,"coup",43,21,21
"1546",-1,1,"coup",44,20,20
"1547",-1,1,"coup",45,26,26
"1548",-1,1,"coup",46,12,12
"1549",-1,1,"coup",47,22,22
"1550",-1,1,"coup",48,28,28
"1551",-1,1,"coup",49,16,16
"1552",-1,1,"coup",50,18,18
"1553",0,0,"attempt",1,2,2
"1554",0,0,"attempt",2,5,5
"1555",0,0,"attempt",3,6,6
"1556",0,0,"attempt",4,1,1
"1557",0,0,"attempt",5,7,7
"1558",0,0,"attempt",6,3,3
"1559",0,0,"attempt",7,4,4
"1560",0,0,"attempt",8,3,3
"1561",0,0,"attempt",9,1,1
"1562",0,0,"attempt",10,5,5
"1563",0,0,"attempt",11,3,3
"1564",0,0,"attempt",12,1,1
"1565",0,0,"attempt",13,3,3
"1566",0,0,"attempt",14,3,3
"1567",0,0,"attempt",15,1,1
"1568",0,0,"attempt",16,4,4
"1569",0,0,"attempt",17,2,2
"1570",0,0,"attempt",18,2,2
"1571",0,0,"attempt",19,2,2
"1572",0,0,"attempt",21,4,4
"1573",0,0,"attempt",22,2,2
"1574",0,0,"attempt",23,3,3
"1575",0,0,"attempt",24,3,3
"1576",0,0,"attempt",25,3,3
"1577",0,0,"attempt",26,3,3
"1578",0,0,"attempt",27,1,1
"1579",0,0,"attempt",28,3,3
"1580",0,0,"attempt",29,2,2
"1581",0,0,"attempt",30,5,5
"1582",0,0,"attempt",31,3,3
"1583",0,0,"attempt",33,4,4
"1584",0,0,"attempt",34,1,1
"1585",0,0,"attempt",35,1,1
"1586",0,0,"attempt",36,4,4
"1587",0,0,"attempt",37,5,5
"1588",0,0,"attempt",38,4,4
"1589",0,0,"attempt",39,2,2
"1590",0,0,"attempt",40,2,2
"1591",0,0,"attempt",41,3,3
"1592",0,0,"attempt",42,2,2
"1593",0,0,"attempt",43,4,4
"1594",0,0,"attempt",44,3,3
"1595",0,0,"attempt",45,4,4
"1596",0,0,"attempt",46,9,9
"1597",0,0,"attempt",47,2,2
"1598",0,0,"attempt",48,4,4
"1599",0,0,"attempt",49,2,2
"1600",0,0,"attempt",50,1,1
"1601",0,0,"conspiracy",1,3,3
"1602",0,0,"conspiracy",2,3,3
"1603",0,0,"conspiracy",3,4,4
"1604",0,0,"conspiracy",4,2,2
"1605",0,0,"conspiracy",5,2,2
"1606",0,0,"conspiracy",6,1,1
"1607",0,0,"conspiracy",7,4,4
"1608",0,0,"conspiracy",8,6,6
"1609",0,0,"conspiracy",9,2,2
"1610",0,0,"conspiracy",10,2,2
"1611",0,0,"conspiracy",12,2,2
"1612",0,0,"conspiracy",13,5,5
"1613",0,0,"conspiracy",14,5,5
"1614",0,0,"conspiracy",15,6,6
"1615",0,0,"conspiracy",16,3,3
"1616",0,0,"conspiracy",17,5,5
"1617",0,0,"conspiracy",19,5,5
"1618",0,0,"conspiracy",21,3,3
"1619",0,0,"conspiracy",22,3,3
"1620",0,0,"conspiracy",23,4,4
"1621",0,0,"conspiracy",24,3,3
"1622",0,0,"conspiracy",25,7,7
"1623",0,0,"conspiracy",26,5,5
"1624",0,0,"conspiracy",27,4,4
"1625",0,0,"conspiracy",29,5,5
"1626",0,0,"conspiracy",30,1,1
"1627",0,0,"conspiracy",31,2,2
"1628",0,0,"conspiracy",32,3,3
"1629",0,0,"conspiracy",33,1,1
"1630",0,0,"conspiracy",34,3,3
"1631",0,0,"conspiracy",35,2,2
"1632",0,0,"conspiracy",36,1,1
"1633",0,0,"conspiracy",37,2,2
"1634",0,0,"conspiracy",38,3,3
"1635",0,0,"conspiracy",39,1,1
"1636",0,0,"conspiracy",40,2,2
"1637",0,0,"conspiracy",42,3,3
"1638",0,0,"conspiracy",43,3,3
"1639",0,0,"conspiracy",44,9,9
"1640",0,0,"conspiracy",45,2,2
"1641",0,0,"conspiracy",46,3,3
"1642",0,0,"conspiracy",47,2,2
"1643",0,0,"conspiracy",48,1,1
"1644",0,0,"conspiracy",49,3,3
"1645",0,0,"conspiracy",50,6,6
"1646",0,1,"coup",1,4,4
"1647",0,1,"coup",2,1,1
"1648",0,1,"coup",4,2,2
"1649",0,1,"coup",7,1,1
"1650",0,1,"coup",8,1,1
"1651",0,1,"coup",10,1,1
"1652",0,1,"coup",13,1,1
"1653",0,1,"coup",14,3,3
"1654",0,1,"coup",15,2,2
"1655",0,1,"coup",16,2,2
"1656",0,1,"coup",18,2,2
"1657",0,1,"coup",20,4,4
"1658",0,1,"coup",21,1,1
"1659",0,1,"coup",23,3,3
"1660",0,1,"coup",24,2,2
"1661",0,1,"coup",25,2,2
"1662",0,1,"coup",28,1,1
"1663",0,1,"coup",31,2,2
"1664",0,1,"coup",32,1,1
"1665",0,1,"coup",33,1,1
"1666",0,1,"coup",34,1,1
"1667",0,1,"coup",40,1,1
"1668",0,1,"coup",42,1,1
"1669",0,1,"coup",43,1,1
"1670",0,1,"coup",44,3,3
"1671",0,1,"coup",45,1,1
"1672",0,1,"coup",46,1,1
"1673",0,1,"coup",49,1,1
"1674",1,0,"attempt",1,2,2
"1675",1,0,"attempt",2,2,2
"1676",1,0,"attempt",3,1,1
"1677",1,0,"attempt",4,2,2
"1678",1,0,"attempt",6,1,1
"1679",1,0,"attempt",7,1,1
"1680",1,0,"attempt",8,1,1
"1681",1,0,"attempt",9,1,1
"1682",1,0,"attempt",10,1,1
"1683",1,0,"attempt",11,1,1
"1684",1,0,"attempt",12,2,2
"1685",1,0,"attempt",13,2,2
"1686",1,0,"attempt",14,1,1
"1687",1,0,"attempt",15,2,2
"1688",1,0,"attempt",16,2,2
"1689",1,0,"attempt",17,1,1
"1690",1,0,"attempt",20,1,1
"1691",1,0,"attempt",25,3,3
"1692",1,0,"attempt",26,1,1
"1693",1,0,"attempt",28,2,2
"1694",1,0,"attempt",29,1,1
"1695",1,0,"attempt",32,1,1
"1696",1,0,"attempt",33,1,1
"1697",1,0,"attempt",34,2,2
"1698",1,0,"attempt",35,1,1
"1699",1,0,"attempt",37,3,3
"1700",1,0,"attempt",38,2,2
"1701",1,0,"attempt",41,1,1
"1702",1,0,"attempt",44,3,3
"1703",1,0,"attempt",45,1,1
"1704",1,0,"attempt",46,1,1
"1705",1,0,"attempt",47,2,2
"1706",1,0,"attempt",49,1,1
"1707",1,0,"attempt",50,2,2
"1708",1,0,"conspiracy",2,5,5
"1709",1,0,"conspiracy",3,3,3
"1710",1,0,"conspiracy",4,1,1
"1711",1,0,"conspiracy",5,2,2
"1712",1,0,"conspiracy",7,3,3
"1713",1,0,"conspiracy",8,3,3
"1714",1,0,"conspiracy",9,5,5
"1715",1,0,"conspiracy",10,8,8
"1716",1,0,"conspiracy",11,5,5
"1717",1,0,"conspiracy",12,3,3
"1718",1,0,"conspiracy",13,4,4
"1719",1,0,"conspiracy",14,8,8
"1720",1,0,"conspiracy",15,5,5
"1721",1,0,"conspiracy",16,6,6
"1722",1,0,"conspiracy",17,4,4
"1723",1,0,"conspiracy",18,4,4
"1724",1,0,"conspiracy",19,1,1
"1725",1,0,"conspiracy",20,8,8
"1726",1,0,"conspiracy",21,2,2
"1727",1,0,"conspiracy",22,2,2
"1728",1,0,"conspiracy",23,7,7
"1729",1,0,"conspiracy",24,4,4
"1730",1,0,"conspiracy",25,6,6
"1731",1,0,"conspiracy",26,6,6
"1732",1,0,"conspiracy",27,7,7
"1733",1,0,"conspiracy",28,2,2
"1734",1,0,"conspiracy",29,2,2
"1735",1,0,"conspiracy",30,3,3
"1736",1,0,"conspiracy",31,5,5
"1737",1,0,"conspiracy",32,5,5
"1738",1,0,"conspiracy",33,4,4
"1739",1,0,"conspiracy",34,1,1
"1740",1,0,"conspiracy",35,7,7
"1741",1,0,"conspiracy",36,2,2
"1742",1,0,"conspiracy",37,5,5
"1743",1,0,"conspiracy",38,2,2
"1744",1,0,"conspiracy",39,6,6
"1745",1,0,"conspiracy",40,2,2
"1746",1,0,"conspiracy",41,3,3
"1747",1,0,"conspiracy",42,6,6
"1748",1,0,"conspiracy",43,7,7
"1749",1,0,"conspiracy",44,2,2
"1750",1,0,"conspiracy",45,1,1
"1751",1,0,"conspiracy",46,2,2
"1752",1,0,"conspiracy",47,4,4
"1753",1,0,"conspiracy",48,2,2
"1754",1,0,"conspiracy",49,3,3
"1755",1,0,"conspiracy",50,6,6
"1756",1,1,"coup",1,5,5
"1757",1,1,"coup",2,6,6
"1758",1,1,"coup",3,4,4
"1759",1,1,"coup",4,5,5
"1760",1,1,"coup",5,6,6
"1761",1,1,"coup",6,2,2
"1762",1,1,"coup",7,3,3
"1763",1,1,"coup",8,5,5
"1764",1,1,"coup",9,3,3
"1765",1,1,"coup",10,4,4
"1766",1,1,"coup",11,2,2
"1767",1,1,"coup",12,5,5
"1768",1,1,"coup",13,7,7
"1769",1,1,"coup",14,7,7
"1770",1,1,"coup",15,1,1
"1771",1,1,"coup",16,9,9
"1772",1,1,"coup",17,4,4
"1773",1,1,"coup",18,4,4
"1774",1,1,"coup",19,6,6
"1775",1,1,"coup",20,4,4
"1776",1,1,"coup",21,4,4
"1777",1,1,"coup",22,2,2
"1778",1,1,"coup",23,8,8
"1779",1,1,"coup",24,3,3
"1780",1,1,"coup",25,2,2
"1781",1,1,"coup",26,7,7
"1782",1,1,"coup",27,8,8
"1783",1,1,"coup",28,4,4
"1784",1,1,"coup",29,8,8
"1785",1,1,"coup",30,7,7
"1786",1,1,"coup",31,8,8
"1787",1,1,"coup",32,7,7
"1788",1,1,"coup",33,5,5
"1789",1,1,"coup",34,1,1
"1790",1,1,"coup",35,6,6
"1791",1,1,"coup",36,5,5
"1792",1,1,"coup",37,2,2
"1793",1,1,"coup",38,6,6
"1794",1,1,"coup",39,4,4
"1795",1,1,"coup",40,4,4
"1796",1,1,"coup",41,6,6
"1797",1,1,"coup",42,7,7
"1798",1,1,"coup",43,7,7
"1799",1,1,"coup",44,6,6
"1800",1,1,"coup",45,10,10
"1801",1,1,"coup",46,7,7
"1802",1,1,"coup",47,1,1
"1803",1,1,"coup",48,7,7
"1804",1,1,"coup",49,9,9
"1805",1,1,"coup",50,2,2
"1806",2,0,"attempt",1,5,5
"1807",2,0,"attempt",2,9,9
"1808",2,0,"attempt",3,8,8
"1809",2,0,"attempt",4,6,6
"1810",2,0,"attempt",5,6,6
"1811",2,0,"attempt",6,10,10
"1812",2,0,"attempt",7,8,8
"1813",2,0,"attempt",8,7,7
"1814",2,0,"attempt",9,7,7
"1815",2,0,"attempt",10,12,12
"1816",2,0,"attempt",11,5,5
"1817",2,0,"attempt",12,5,5
"1818",2,0,"attempt",13,9,9
"1819",2,0,"attempt",14,8,8
"1820",2,0,"attempt",15,4,4
"1821",2,0,"attempt",16,8,8
"1822",2,0,"attempt",17,5,5
"1823",2,0,"attempt",18,10,10
"1824",2,0,"attempt",19,9,9
"1825",2,0,"attempt",20,9,9
"1826",2,0,"attempt",21,5,5
"1827",2,0,"attempt",22,3,3
"1828",2,0,"attempt",23,8,8
"1829",2,0,"attempt",24,3,3
"1830",2,0,"attempt",25,6,6
"1831",2,0,"attempt",26,5,5
"1832",2,0,"attempt",27,10,10
"1833",2,0,"attempt",28,8,8
"1834",2,0,"attempt",29,9,9
"1835",2,0,"attempt",30,5,5
"1836",2,0,"attempt",31,5,5
"1837",2,0,"attempt",32,9,9
"1838",2,0,"attempt",33,11,11
"1839",2,0,"attempt",34,7,7
"1840",2,0,"attempt",35,2,2
"1841",2,0,"attempt",36,10,10
"1842",2,0,"attempt",37,6,6
"1843",2,0,"attempt",38,10,10
"1844",2,0,"attempt",39,6,6
"1845",2,0,"attempt",40,5,5
"1846",2,0,"attempt",41,8,8
"1847",2,0,"attempt",42,6,6
"1848",2,0,"attempt",43,9,9
"1849",2,0,"attempt",44,6,6
"1850",2,0,"attempt",45,5,5
"1851",2,0,"attempt",46,8,8
"1852",2,0,"attempt",47,4,4
"1853",2,0,"attempt",48,5,5
"1854",2,0,"attempt",49,12,12
"1855",2,0,"attempt",50,8,8
"1856",2,0,"conspiracy",1,2,2
"1857",2,0,"conspiracy",2,6,6
"1858",2,0,"conspiracy",3,1,1
"1859",2,0,"conspiracy",4,3,3
"1860",2,0,"conspiracy",5,6,6
"1861",2,0,"conspiracy",6,2,2
"1862",2,0,"conspiracy",8,1,1
"1863",2,0,"conspiracy",9,1,1
"1864",2,0,"conspiracy",10,1,1
"1865",2,0,"conspiracy",12,4,4
"1866",2,0,"conspiracy",13,3,3
"1867",2,0,"conspiracy",14,3,3
"1868",2,0,"conspiracy",15,2,2
"1869",2,0,"conspiracy",16,4,4
"1870",2,0,"conspiracy",17,5,5
"1871",2,0,"conspiracy",18,3,3
"1872",2,0,"conspiracy",19,5,5
"1873",2,0,"conspiracy",20,5,5
"1874",2,0,"conspiracy",21,4,4
"1875",2,0,"conspiracy",22,3,3
"1876",2,0,"conspiracy",23,4,4
"1877",2,0,"conspiracy",24,3,3
"1878",2,0,"conspiracy",25,1,1
"1879",2,0,"conspiracy",26,4,4
"1880",2,0,"conspiracy",27,5,5
"1881",2,0,"conspiracy",28,3,3
"1882",2,0,"conspiracy",29,4,4
"1883",2,0,"conspiracy",30,4,4
"1884",2,0,"conspiracy",31,4,4
"1885",2,0,"conspiracy",32,3,3
"1886",2,0,"conspiracy",33,2,2
"1887",2,0,"conspiracy",34,4,4
"1888",2,0,"conspiracy",35,3,3
"1889",2,0,"conspiracy",36,3,3
"1890",2,0,"conspiracy",37,4,4
"1891",2,0,"conspiracy",39,3,3
"1892",2,0,"conspiracy",40,1,1
"1893",2,0,"conspiracy",41,7,7
"1894",2,0,"conspiracy",42,2,2
"1895",2,0,"conspiracy",43,3,3
"1896",2,0,"conspiracy",44,4,4
"1897",2,0,"conspiracy",45,2,2
"1898",2,0,"conspiracy",46,5,5
"1899",2,0,"conspiracy",47,5,5
"1900",2,0,"conspiracy",48,1,1
"1901",2,0,"conspiracy",49,2,2
"1902",2,0,"conspiracy",50,4,4
"1903",2,1,"coup",1,3,3
"1904",2,1,"coup",2,2,2
"1905",2,1,"coup",3,3,3
"1906",2,1,"coup",4,2,2
"1907",2,1,"coup",5,1,1
"1908",2,1,"coup",6,5,5
"1909",2,1,"coup",7,1,1
"1910",2,1,"coup",8,5,5
"1911",2,1,"coup",9,3,3
"1912",2,1,"coup",10,3,3
"1913",2,1,"coup",11,3,3
"1914",2,1,"coup",12,5,5
"1915",2,1,"coup",14,2,2
"1916",2,1,"coup",16,2,2
"1917",2,1,"coup",17,4,4
"1918",2,1,"coup",18,1,1
"1919",2,1,"coup",19,2,2
"1920",2,1,"coup",20,5,5
"1921",2,1,"coup",21,6,6
"1922",2,1,"coup",22,3,3
"1923",2,1,"coup",23,2,2
"1924",2,1,"coup",24,4,4
"1925",2,1,"coup",25,3,3
"1926",2,1,"coup",26,2,2
"1927",2,1,"coup",27,1,1
"1928",2,1,"coup",28,1,1
"1929",2,1,"coup",29,5,5
"1930",2,1,"coup",30,1,1
"1931",2,1,"coup",31,2,2
"1932",2,1,"coup",32,1,1
"1933",2,1,"coup",33,3,3
"1934",2,1,"coup",34,4,4
"1935",2,1,"coup",35,3,3
"1936",2,1,"coup",36,2,2
"1937",2,1,"coup",37,3,3
"1938",2,1,"coup",38,5,5
"1939",2,1,"coup",39,4,4
"1940",2,1,"coup",41,2,2
"1941",2,1,"coup",42,4,4
"1942",2,1,"coup",43,1,1
"1943",2,1,"coup",45,3,3
"1944",2,1,"coup",46,3,3
"1945",2,1,"coup",48,4,4
"1946",2,1,"coup",49,4,4
"1947",2,1,"coup",50,3,3
"1948",3,0,"attempt",1,7,7
"1949",3,0,"attempt",2,5,5
"1950",3,0,"attempt",3,5,5
"1951",3,0,"attempt",4,5,5
"1952",3,0,"attempt",5,1,1
"1953",3,0,"attempt",6,4,4
"1954",3,0,"attempt",7,2,2
"1955",3,0,"attempt",8,3,3
"1956",3,0,"attempt",9,6,6
"1957",3,0,"attempt",10,1,1
"1958",3,0,"attempt",11,4,4
"1959",3,0,"attempt",12,2,2
"1960",3,0,"attempt",13,4,4
"1961",3,0,"attempt",14,2,2
"1962",3,0,"attempt",15,5,5
"1963",3,0,"attempt",16,3,3
"1964",3,0,"attempt",17,3,3
"1965",3,0,"attempt",18,5,5
"1966",3,0,"attempt",19,3,3
"1967",3,0,"attempt",20,3,3
"1968",3,0,"attempt",22,3,3
"1969",3,0,"attempt",23,1,1
"1970",3,0,"attempt",24,4,4
"1971",3,0,"attempt",25,3,3
"1972",3,0,"attempt",26,6,6
"1973",3,0,"attempt",27,6,6
"1974",3,0,"attempt",28,3,3
"1975",3,0,"attempt",29,4,4
"1976",3,0,"attempt",30,5,5
"1977",3,0,"attempt",31,5,5
"1978",3,0,"attempt",32,4,4
"1979",3,0,"attempt",33,6,6
"1980",3,0,"attempt",34,1,1
"1981",3,0,"attempt",35,2,2
"1982",3,0,"attempt",36,5,5
"1983",3,0,"attempt",37,3,3
"1984",3,0,"attempt",38,2,2
"1985",3,0,"attempt",39,2,2
"1986",3,0,"attempt",40,6,6
"1987",3,0,"attempt",41,3,3
"1988",3,0,"attempt",42,5,5
"1989",3,0,"attempt",43,2,2
"1990",3,0,"attempt",44,4,4
"1991",3,0,"attempt",45,3,3
"1992",3,0,"attempt",46,5,5
"1993",3,0,"attempt",47,3,3
"1994",3,0,"attempt",48,3,3
"1995",3,0,"attempt",49,5,5
"1996",3,0,"attempt",50,1,1
"1997",3,0,"conspiracy",1,2,2
"1998",3,0,"conspiracy",3,3,3
"1999",3,0,"conspiracy",4,2,2
"2000",3,0,"conspiracy",6,3,3
"2001",3,0,"conspiracy",7,2,2
"2002",3,0,"conspiracy",8,2,2
"2003",3,0,"conspiracy",9,1,1
"2004",3,0,"conspiracy",10,2,2
"2005",3,0,"conspiracy",11,1,1
"2006",3,0,"conspiracy",14,3,3
"2007",3,0,"conspiracy",15,2,2
"2008",3,0,"conspiracy",16,2,2
"2009",3,0,"conspiracy",17,1,1
"2010",3,0,"conspiracy",20,3,3
"2011",3,0,"conspiracy",21,2,2
"2012",3,0,"conspiracy",22,1,1
"2013",3,0,"conspiracy",23,1,1
"2014",3,0,"conspiracy",24,4,4
"2015",3,0,"conspiracy",25,1,1
"2016",3,0,"conspiracy",26,5,5
"2017",3,0,"conspiracy",27,3,3
"2018",3,0,"conspiracy",28,6,6
"2019",3,0,"conspiracy",29,3,3
"2020",3,0,"conspiracy",30,3,3
"2021",3,0,"conspiracy",31,4,4
"2022",3,0,"conspiracy",32,4,4
"2023",3,0,"conspiracy",33,1,1
"2024",3,0,"conspiracy",34,3,3
"2025",3,0,"conspiracy",35,1,1
"2026",3,0,"conspiracy",36,1,1
"2027",3,0,"conspiracy",37,2,2
"2028",3,0,"conspiracy",38,2,2
"2029",3,0,"conspiracy",39,2,2
"2030",3,0,"conspiracy",40,4,4
"2031",3,0,"conspiracy",41,2,2
"2032",3,0,"conspiracy",42,5,5
"2033",3,0,"conspiracy",43,5,5
"2034",3,0,"conspiracy",44,3,3
"2035",3,0,"conspiracy",45,4,4
"2036",3,0,"conspiracy",46,1,1
"2037",3,0,"conspiracy",47,1,1
"2038",3,0,"conspiracy",48,1,1
"2039",3,0,"conspiracy",49,3,3
"2040",3,0,"coup",2,1,1
"2041",3,0,"coup",3,1,1
"2042",3,0,"coup",5,1,1
"2043",3,0,"coup",6,2,2
"2044",3,0,"coup",10,1,1
"2045",3,0,"coup",11,1,1
"2046",3,0,"coup",12,4,4
"2047",3,0,"coup",16,1,1
"2048",3,0,"coup",17,2,2
"2049",3,0,"coup",18,1,1
"2050",3,0,"coup",19,4,4
"2051",3,0,"coup",22,1,1
"2052",3,0,"coup",23,1,1
"2053",3,0,"coup",25,1,1
"2054",3,0,"coup",27,1,1
"2055",3,0,"coup",29,1,1
"2056",3,0,"coup",30,1,1
"2057",3,0,"coup",31,1,1
"2058",3,0,"coup",32,4,4
"2059",3,0,"coup",35,1,1
"2060",3,0,"coup",36,2,2
"2061",3,0,"coup",38,2,2
"2062",3,0,"coup",39,1,1
"2063",3,0,"coup",41,1,1
"2064",3,0,"coup",43,1,1
"2065",3,0,"coup",44,1,1
"2066",3,0,"coup",47,1,1
"2067",3,0,"coup",50,1,1
"2068",3,1,"coup",1,3,3
"2069",3,1,"coup",2,1,1
"2070",3,1,"coup",3,3,3
"2071",3,1,"coup",4,1,1
"2072",3,1,"coup",5,4,4
"2073",3,1,"coup",6,2,2
"2074",3,1,"coup",7,3,3
"2075",3,1,"coup",8,5,5
"2076",3,1,"coup",9,3,3
"2077",3,1,"coup",11,3,3
"2078",3,1,"coup",12,1,1
"2079",3,1,"coup",13,3,3
"2080",3,1,"coup",14,2,2
"2081",3,1,"coup",15,2,2
"2082",3,1,"coup",16,2,2
"2083",3,1,"coup",17,5,5
"2084",3,1,"coup",18,3,3
"2085",3,1,"coup",19,2,2
"2086",3,1,"coup",20,3,3
"2087",3,1,"coup",21,1,1
"2088",3,1,"coup",22,4,4
"2089",3,1,"coup",23,4,4
"2090",3,1,"coup",24,3,3
"2091",3,1,"coup",25,2,2
"2092",3,1,"coup",26,3,3
"2093",3,1,"coup",27,2,2
"2094",3,1,"coup",28,3,3
"2095",3,1,"coup",29,2,2
"2096",3,1,"coup",30,2,2
"2097",3,1,"coup",32,1,1
"2098",3,1,"coup",33,2,2
"2099",3,1,"coup",34,2,2
"2100",3,1,"coup",35,4,4
"2101",3,1,"coup",36,3,3
"2102",3,1,"coup",37,5,5
"2103",3,1,"coup",38,3,3
"2104",3,1,"coup",40,5,5
"2105",3,1,"coup",41,2,2
"2106",3,1,"coup",42,4,4
"2107",3,1,"coup",43,2,2
"2108",3,1,"coup",44,3,3
"2109",3,1,"coup",46,5,5
"2110",3,1,"coup",47,4,4
"2111",3,1,"coup",48,2,2
"2112",3,1,"coup",49,2,2
"2113",3,1,"coup",50,5,5
"2114",4,0,"attempt",1,6,6
"2115",4,0,"attempt",2,6,6
"2116",4,0,"attempt",3,4,4
"2117",4,0,"attempt",4,6,6
"2118",4,0,"attempt",5,4,4
"2119",4,0,"attempt",6,4,4
"2120",4,0,"attempt",7,5,5
"2121",4,0,"attempt",8,4,4
"2122",4,0,"attempt",9,3,3
"2123",4,0,"attempt",10,3,3
"2124",4,0,"attempt",11,4,4
"2125",4,0,"attempt",12,6,6
"2126",4,0,"attempt",13,3,3
"2127",4,0,"attempt",14,5,5
"2128",4,0,"attempt",15,6,6
"2129",4,0,"attempt",16,3,3
"2130",4,0,"attempt",17,3,3
"2131",4,0,"attempt",18,7,7
"2132",4,0,"attempt",19,2,2
"2133",4,0,"attempt",20,4,4
"2134",4,0,"attempt",21,3,3
"2135",4,0,"attempt",22,4,4
"2136",4,0,"attempt",23,5,5
"2137",4,0,"attempt",24,2,2
"2138",4,0,"attempt",25,2,2
"2139",4,0,"attempt",26,4,4
"2140",4,0,"attempt",27,1,1
"2141",4,0,"attempt",28,3,3
"2142",4,0,"attempt",29,2,2
"2143",4,0,"attempt",30,3,3
"2144",4,0,"attempt",32,6,6
"2145",4,0,"attempt",33,3,3
"2146",4,0,"attempt",34,5,5
"2147",4,0,"attempt",35,4,4
"2148",4,0,"attempt",36,7,7
"2149",4,0,"attempt",37,7,7
"2150",4,0,"attempt",38,6,6
"2151",4,0,"attempt",39,2,2
"2152",4,0,"attempt",41,4,4
"2153",4,0,"attempt",42,3,3
"2154",4,0,"attempt",43,3,3
"2155",4,0,"attempt",44,4,4
"2156",4,0,"attempt",45,2,2
"2157",4,0,"attempt",46,3,3
"2158",4,0,"attempt",47,3,3
"2159",4,0,"attempt",48,9,9
"2160",4,0,"attempt",49,2,2
"2161",4,0,"attempt",50,3,3
"2162",4,0,"conspiracy",1,4,4
"2163",4,0,"conspiracy",2,4,4
"2164",4,0,"conspiracy",3,5,5
"2165",4,0,"conspiracy",4,3,3
"2166",4,0,"conspiracy",5,4,4
"2167",4,0,"conspiracy",6,9,9
"2168",4,0,"conspiracy",7,10,10
"2169",4,0,"conspiracy",8,5,5
"2170",4,0,"conspiracy",9,12,12
"2171",4,0,"conspiracy",10,6,6
"2172",4,0,"conspiracy",11,8,8
"2173",4,0,"conspiracy",12,5,5
"2174",4,0,"conspiracy",13,12,12
"2175",4,0,"conspiracy",14,2,2
"2176",4,0,"conspiracy",15,11,11
"2177",4,0,"conspiracy",16,7,7
"2178",4,0,"conspiracy",17,9,9
"2179",4,0,"conspiracy",18,11,11
"2180",4,0,"conspiracy",19,5,5
"2181",4,0,"conspiracy",20,3,3
"2182",4,0,"conspiracy",21,4,4
"2183",4,0,"conspiracy",22,4,4
"2184",4,0,"conspiracy",23,2,2
"2185",4,0,"conspiracy",24,10,10
"2186",4,0,"conspiracy",25,7,7
"2187",4,0,"conspiracy",26,6,6
"2188",4,0,"conspiracy",27,6,6
"2189",4,0,"conspiracy",28,3,3
"2190",4,0,"conspiracy",29,11,11
"2191",4,0,"conspiracy",30,6,6
"2192",4,0,"conspiracy",31,4,4
"2193",4,0,"conspiracy",32,5,5
"2194",4,0,"conspiracy",33,7,7
"2195",4,0,"conspiracy",34,10,10
"2196",4,0,"conspiracy",35,8,8
"2197",4,0,"conspiracy",36,5,5
"2198",4,0,"conspiracy",37,4,4
"2199",4,0,"conspiracy",38,3,3
"2200",4,0,"conspiracy",39,4,4
"2201",4,0,"conspiracy",40,7,7
"2202",4,0,"conspiracy",41,5,5
"2203",4,0,"conspiracy",42,7,7
"2204",4,0,"conspiracy",43,7,7
"2205",4,0,"conspiracy",44,12,12
"2206",4,0,"conspiracy",45,4,4
"2207",4,0,"conspiracy",46,7,7
"2208",4,0,"conspiracy",47,7,7
"2209",4,0,"conspiracy",48,6,6
"2210",4,0,"conspiracy",49,7,7
"2211",4,0,"conspiracy",50,8,8
"2212",4,1,"coup",1,1,1
"2213",4,1,"coup",2,1,1
"2214",4,1,"coup",3,1,1
"2215",4,1,"coup",4,5,5
"2216",4,1,"coup",6,3,3
"2217",4,1,"coup",8,2,2
"2218",4,1,"coup",9,1,1
"2219",4,1,"coup",11,3,3
"2220",4,1,"coup",12,2,2
"2221",4,1,"coup",14,3,3
"2222",4,1,"coup",15,2,2
"2223",4,1,"coup",16,1,1
"2224",4,1,"coup",17,2,2
"2225",4,1,"coup",18,2,2
"2226",4,1,"coup",19,2,2
"2227",4,1,"coup",20,2,2
"2228",4,1,"coup",21,2,2
"2229",4,1,"coup",22,2,2
"2230",4,1,"coup",24,2,2
"2231",4,1,"coup",25,2,2
"2232",4,1,"coup",26,3,3
"2233",4,1,"coup",27,2,2
"2234",4,1,"coup",28,1,1
"2235",4,1,"coup",30,1,1
"2236",4,1,"coup",31,1,1
"2237",4,1,"coup",32,4,4
"2238",4,1,"coup",34,1,1
"2239",4,1,"coup",35,6,6
"2240",4,1,"coup",36,3,3
"2241",4,1,"coup",37,3,3
"2242",4,1,"coup",38,3,3
"2243",4,1,"coup",39,1,1
"2244",4,1,"coup",40,3,3
"2245",4,1,"coup",41,1,1
"2246",4,1,"coup",42,2,2
"2247",4,1,"coup",43,1,1
"2248",4,1,"coup",45,4,4
"2249",4,1,"coup",46,1,1
"2250",4,1,"coup",47,1,1
"2251",4,1,"coup",48,6,6
"2252",4,1,"coup",50,6,6
"2253",5,0,"attempt",1,3,3
"2254",5,0,"attempt",2,6,6
"2255",5,0,"attempt",3,9,9
"2256",5,0,"attempt",4,3,3
"2257",5,0,"attempt",5,7,7
"2258",5,0,"attempt",6,6,6
"2259",5,0,"attempt",7,9,9
"2260",5,0,"attempt",8,6,6
"2261",5,0,"attempt",9,10,10
"2262",5,0,"attempt",10,6,6
"2263",5,0,"attempt",11,5,5
"2264",5,0,"attempt",12,9,9
"2265",5,0,"attempt",13,4,4
"2266",5,0,"attempt",14,8,8
"2267",5,0,"attempt",15,5,5
"2268",5,0,"attempt",16,7,7
"2269",5,0,"attempt",17,5,5
"2270",5,0,"attempt",18,6,6
"2271",5,0,"attempt",19,5,5
"2272",5,0,"attempt",20,5,5
"2273",5,0,"attempt",21,7,7
"2274",5,0,"attempt",22,5,5
"2275",5,0,"attempt",23,4,4
"2276",5,0,"attempt",24,9,9
"2277",5,0,"attempt",25,9,9
"2278",5,0,"attempt",26,9,9
"2279",5,0,"attempt",27,1,1
"2280",5,0,"attempt",28,13,13
"2281",5,0,"attempt",29,10,10
"2282",5,0,"attempt",30,10,10
"2283",5,0,"attempt",31,5,5
"2284",5,0,"attempt",32,8,8
"2285",5,0,"attempt",33,5,5
"2286",5,0,"attempt",34,11,11
"2287",5,0,"attempt",35,12,12
"2288",5,0,"attempt",36,7,7
"2289",5,0,"attempt",37,6,6
"2290",5,0,"attempt",38,7,7
"2291",5,0,"attempt",39,9,9
"2292",5,0,"attempt",40,7,7
"2293",5,0,"attempt",41,13,13
"2294",5,0,"attempt",42,6,6
"2295",5,0,"attempt",43,4,4
"2296",5,0,"attempt",44,4,4
"2297",5,0,"attempt",45,11,11
"2298",5,0,"attempt",46,5,5
"2299",5,0,"attempt",47,7,7
"2300",5,0,"attempt",48,9,9
"2301",5,0,"attempt",49,7,7
"2302",5,0,"attempt",50,6,6
"2303",5,0,"conspiracy",1,6,6
"2304",5,0,"conspiracy",2,4,4
"2305",5,0,"conspiracy",3,3,3
"2306",5,0,"conspiracy",4,3,3
"2307",5,0,"conspiracy",5,3,3
"2308",5,0,"conspiracy",6,5,5
"2309",5,0,"conspiracy",7,4,4
"2310",5,0,"conspiracy",8,1,1
"2311",5,0,"conspiracy",9,4,4
"2312",5,0,"conspiracy",10,3,3
"2313",5,0,"conspiracy",11,4,4
"2314",5,0,"conspiracy",12,6,6
"2315",5,0,"conspiracy",13,4,4
"2316",5,0,"conspiracy",14,7,7
"2317",5,0,"conspiracy",15,10,10
"2318",5,0,"conspiracy",16,8,8
"2319",5,0,"conspiracy",17,2,2
"2320",5,0,"conspiracy",18,7,7
"2321",5,0,"conspiracy",19,5,5
"2322",5,0,"conspiracy",20,3,3
"2323",5,0,"conspiracy",21,9,9
"2324",5,0,"conspiracy",22,2,2
"2325",5,0,"conspiracy",23,7,7
"2326",5,0,"conspiracy",24,4,4
"2327",5,0,"conspiracy",25,2,2
"2328",5,0,"conspiracy",26,4,4
"2329",5,0,"conspiracy",27,6,6
"2330",5,0,"conspiracy",28,6,6
"2331",5,0,"conspiracy",29,2,2
"2332",5,0,"conspiracy",30,4,4
"2333",5,0,"conspiracy",31,1,1
"2334",5,0,"conspiracy",32,7,7
"2335",5,0,"conspiracy",33,6,6
"2336",5,0,"conspiracy",34,2,2
"2337",5,0,"conspiracy",35,8,8
"2338",5,0,"conspiracy",36,4,4
"2339",5,0,"conspiracy",37,3,3
"2340",5,0,"conspiracy",38,2,2
"2341",5,0,"conspiracy",39,4,4
"2342",5,0,"conspiracy",40,4,4
"2343",5,0,"conspiracy",41,2,2
"2344",5,0,"conspiracy",42,5,5
"2345",5,0,"conspiracy",43,8,8
"2346",5,0,"conspiracy",44,2,2
"2347",5,0,"conspiracy",45,7,7
"2348",5,0,"conspiracy",46,3,3
"2349",5,0,"conspiracy",47,5,5
"2350",5,0,"conspiracy",48,6,6
"2351",5,0,"conspiracy",49,4,4
"2352",5,0,"conspiracy",50,5,5
"2353",5,0,"coup",1,3,3
"2354",5,0,"coup",4,3,3
"2355",5,0,"coup",5,1,1
"2356",5,0,"coup",6,1,1
"2357",5,0,"coup",8,1,1
"2358",5,0,"coup",9,1,1
"2359",5,0,"coup",11,1,1
"2360",5,0,"coup",12,3,3
"2361",5,0,"coup",13,1,1
"2362",5,0,"coup",15,2,2
"2363",5,0,"coup",16,1,1
"2364",5,0,"coup",18,2,2
"2365",5,0,"coup",20,1,1
"2366",5,0,"coup",21,2,2
"2367",5,0,"coup",22,1,1
"2368",5,0,"coup",23,3,3
"2369",5,0,"coup",24,1,1
"2370",5,0,"coup",27,1,1
"2371",5,0,"coup",28,1,1
"2372",5,0,"coup",29,1,1
"2373",5,0,"coup",30,1,1
"2374",5,0,"coup",31,1,1
"2375",5,0,"coup",34,3,3
"2376",5,0,"coup",35,2,2
"2377",5,0,"coup",36,1,1
"2378",5,0,"coup",37,1,1
"2379",5,0,"coup",38,1,1
"2380",5,0,"coup",39,5,5
"2381",5,0,"coup",40,1,1
"2382",5,0,"coup",41,1,1
"2383",5,0,"coup",42,1,1
"2384",5,0,"coup",46,2,2
"2385",5,0,"coup",47,1,1
"2386",5,0,"coup",49,1,1
"2387",5,0,"coup",50,1,1
"2388",5,1,"coup",1,6,6
"2389",5,1,"coup",2,4,4
"2390",5,1,"coup",3,4,4
"2391",5,1,"coup",4,3,3
"2392",5,1,"coup",5,7,7
"2393",5,1,"coup",6,4,4
"2394",5,1,"coup",7,12,12
"2395",5,1,"coup",8,7,7
"2396",5,1,"coup",9,7,7
"2397",5,1,"coup",10,3,3
"2398",5,1,"coup",11,4,4
"2399",5,1,"coup",12,15,15
"2400",5,1,"coup",13,2,2
"2401",5,1,"coup",14,5,5
"2402",5,1,"coup",15,11,11
"2403",5,1,"coup",16,7,7
"2404",5,1,"coup",17,4,4
"2405",5,1,"coup",18,6,6
"2406",5,1,"coup",19,8,8
"2407",5,1,"coup",20,5,5
"2408",5,1,"coup",21,7,7
"2409",5,1,"coup",22,13,13
"2410",5,1,"coup",23,6,6
"2411",5,1,"coup",24,6,6
"2412",5,1,"coup",25,10,10
"2413",5,1,"coup",26,10,10
"2414",5,1,"coup",27,7,7
"2415",5,1,"coup",28,5,5
"2416",5,1,"coup",29,9,9
"2417",5,1,"coup",30,7,7
"2418",5,1,"coup",31,3,3
"2419",5,1,"coup",32,7,7
"2420",5,1,"coup",33,6,6
"2421",5,1,"coup",34,5,5
"2422",5,1,"coup",35,9,9
"2423",5,1,"coup",36,8,8
"2424",5,1,"coup",37,7,7
"2425",5,1,"coup",38,6,6
"2426",5,1,"coup",39,6,6
"2427",5,1,"coup",40,7,7
"2428",5,1,"coup",41,7,7
"2429",5,1,"coup",42,10,10
"2430",5,1,"coup",43,5,5
"2431",5,1,"coup",44,7,7
"2432",5,1,"coup",45,11,11
"2433",5,1,"coup",46,11,11
"2434",5,1,"coup",47,5,5
"2435",5,1,"coup",48,8,8
"2436",5,1,"coup",49,8,8
"2437",5,1,"coup",50,2,2
"2438",6,0,"attempt",1,7,7
"2439",6,0,"attempt",2,14,14
"2440",6,0,"attempt",3,10,10
"2441",6,0,"attempt",4,13,13
"2442",6,0,"attempt",5,6,6
"2443",6,0,"attempt",6,6,6
"2444",6,0,"attempt",7,7,7
"2445",6,0,"attempt",8,10,10
"2446",6,0,"attempt",9,13,13
"2447",6,0,"attempt",10,4,4
"2448",6,0,"attempt",11,7,7
"2449",6,0,"attempt",12,10,10
"2450",6,0,"attempt",13,8,8
"2451",6,0,"attempt",14,8,8
"2452",6,0,"attempt",15,4,4
"2453",6,0,"attempt",16,5,5
"2454",6,0,"attempt",17,8,8
"2455",6,0,"attempt",18,13,13
"2456",6,0,"attempt",19,5,5
"2457",6,0,"attempt",20,9,9
"2458",6,0,"attempt",21,10,10
"2459",6,0,"attempt",22,5,5
"2460",6,0,"attempt",23,16,16
"2461",6,0,"attempt",24,10,10
"2462",6,0,"attempt",25,9,9
"2463",6,0,"attempt",26,10,10
"2464",6,0,"attempt",27,8,8
"2465",6,0,"attempt",28,5,5
"2466",6,0,"attempt",29,6,6
"2467",6,0,"attempt",30,13,13
"2468",6,0,"attempt",31,13,13
"2469",6,0,"attempt",32,15,15
"2470",6,0,"attempt",33,5,5
"2471",6,0,"attempt",34,5,5
"2472",6,0,"attempt",35,10,10
"2473",6,0,"attempt",36,8,8
"2474",6,0,"attempt",37,11,11
"2475",6,0,"attempt",38,12,12
"2476",6,0,"attempt",39,7,7
"2477",6,0,"attempt",40,10,10
"2478",6,0,"attempt",41,15,15
"2479",6,0,"attempt",42,4,4
"2480",6,0,"attempt",43,3,3
"2481",6,0,"attempt",44,7,7
"2482",6,0,"attempt",45,15,15
"2483",6,0,"attempt",46,2,2
"2484",6,0,"attempt",47,6,6
"2485",6,0,"attempt",48,7,7
"2486",6,0,"attempt",49,9,9
"2487",6,0,"attempt",50,12,12
"2488",6,0,"conspiracy",1,5,5
"2489",6,0,"conspiracy",2,3,3
"2490",6,0,"conspiracy",3,2,2
"2491",6,0,"conspiracy",4,1,1
"2492",6,0,"conspiracy",5,4,4
"2493",6,0,"conspiracy",6,6,6
"2494",6,0,"conspiracy",7,11,11
"2495",6,0,"conspiracy",8,4,4
"2496",6,0,"conspiracy",9,5,5
"2497",6,0,"conspiracy",10,2,2
"2498",6,0,"conspiracy",11,3,3
"2499",6,0,"conspiracy",12,3,3
"2500",6,0,"conspiracy",13,6,6
"2501",6,0,"conspiracy",14,4,4
"2502",6,0,"conspiracy",15,4,4
"2503",6,0,"conspiracy",16,1,1
"2504",6,0,"conspiracy",17,5,5
"2505",6,0,"conspiracy",18,2,2
"2506",6,0,"conspiracy",19,6,6
"2507",6,0,"conspiracy",20,6,6
"2508",6,0,"conspiracy",21,1,1
"2509",6,0,"conspiracy",22,6,6
"2510",6,0,"conspiracy",23,3,3
"2511",6,0,"conspiracy",24,4,4
"2512",6,0,"conspiracy",25,8,8
"2513",6,0,"conspiracy",26,7,7
"2514",6,0,"conspiracy",27,6,6
"2515",6,0,"conspiracy",28,6,6
"2516",6,0,"conspiracy",30,2,2
"2517",6,0,"conspiracy",31,3,3
"2518",6,0,"conspiracy",32,4,4
"2519",6,0,"conspiracy",33,6,6
"2520",6,0,"conspiracy",34,9,9
"2521",6,0,"conspiracy",35,4,4
"2522",6,0,"conspiracy",36,6,6
"2523",6,0,"conspiracy",37,5,5
"2524",6,0,"conspiracy",38,1,1
"2525",6,0,"conspiracy",39,5,5
"2526",6,0,"conspiracy",40,2,2
"2527",6,0,"conspiracy",41,3,3
"2528",6,0,"conspiracy",42,5,5
"2529",6,0,"conspiracy",43,2,2
"2530",6,0,"conspiracy",44,3,3
"2531",6,0,"conspiracy",45,5,5
"2532",6,0,"conspiracy",46,1,1
"2533",6,0,"conspiracy",47,2,2
"2534",6,0,"conspiracy",49,3,3
"2535",6,0,"conspiracy",50,4,4
"2536",6,1,"coup",1,6,6
"2537",6,1,"coup",2,8,8
"2538",6,1,"coup",3,9,9
"2539",6,1,"coup",4,5,5
"2540",6,1,"coup",5,6,6
"2541",6,1,"coup",6,5,5
"2542",6,1,"coup",7,4,4
"2543",6,1,"coup",8,8,8
"2544",6,1,"coup",9,2,2
"2545",6,1,"coup",10,9,9
"2546",6,1,"coup",11,7,7
"2547",6,1,"coup",12,8,8
"2548",6,1,"coup",13,9,9
"2549",6,1,"coup",14,4,4
"2550",6,1,"coup",15,9,9
"2551",6,1,"coup",16,13,13
"2552",6,1,"coup",17,9,9
"2553",6,1,"coup",18,5,5
"2554",6,1,"coup",19,3,3
"2555",6,1,"coup",20,13,13
"2556",6,1,"coup",21,16,16
"2557",6,1,"coup",22,11,11
"2558",6,1,"coup",23,6,6
"2559",6,1,"coup",24,4,4
"2560",6,1,"coup",25,3,3
"2561",6,1,"coup",26,7,7
"2562",6,1,"coup",27,3,3
"2563",6,1,"coup",28,7,7
"2564",6,1,"coup",29,3,3
"2565",6,1,"coup",30,12,12
"2566",6,1,"coup",31,4,4
"2567",6,1,"coup",32,6,6
"2568",6,1,"coup",33,6,6
"2569",6,1,"coup",34,8,8
"2570",6,1,"coup",35,9,9
"2571",6,1,"coup",36,8,8
"2572",6,1,"coup",37,4,4
"2573",6,1,"coup",38,5,5
"2574",6,1,"coup",39,9,9
"2575",6,1,"coup",40,10,10
"2576",6,1,"coup",41,7,7
"2577",6,1,"coup",42,7,7
"2578",6,1,"coup",43,12,12
"2579",6,1,"coup",44,2,2
"2580",6,1,"coup",45,6,6
"2581",6,1,"coup",46,13,13
"2582",6,1,"coup",47,5,5
"2583",6,1,"coup",48,3,3
"2584",6,1,"coup",49,3,3
"2585",6,1,"coup",50,9,9
"2586",7,0,"attempt",1,7,7
"2587",7,0,"attempt",2,7,7
"2588",7,0,"attempt",3,7,7
"2589",7,0,"attempt",4,7,7
"2590",7,0,"attempt",5,5,5
"2591",7,0,"attempt",6,7,7
"2592",7,0,"attempt",7,8,8
"2593",7,0,"attempt",8,8,8
"2594",7,0,"attempt",9,12,12
"2595",7,0,"attempt",10,6,6
"2596",7,0,"attempt",11,7,7
"2597",7,0,"attempt",12,6,6
"2598",7,0,"attempt",13,4,4
"2599",7,0,"attempt",14,7,7
"2600",7,0,"attempt",15,5,5
"2601",7,0,"attempt",16,5,5
"2602",7,0,"attempt",17,14,14
"2603",7,0,"attempt",18,6,6
"2604",7,0,"attempt",19,7,7
"2605",7,0,"attempt",20,10,10
"2606",7,0,"attempt",21,13,13
"2607",7,0,"attempt",22,10,10
"2608",7,0,"attempt",23,8,8
"2609",7,0,"attempt",24,8,8
"2610",7,0,"attempt",25,5,5
"2611",7,0,"attempt",26,11,11
"2612",7,0,"attempt",27,7,7
"2613",7,0,"attempt",28,6,6
"2614",7,0,"attempt",29,7,7
"2615",7,0,"attempt",30,5,5
"2616",7,0,"attempt",31,1,1
"2617",7,0,"attempt",32,5,5
"2618",7,0,"attempt",33,11,11
"2619",7,0,"attempt",34,3,3
"2620",7,0,"attempt",35,7,7
"2621",7,0,"attempt",36,4,4
"2622",7,0,"attempt",37,5,5
"2623",7,0,"attempt",38,5,5
"2624",7,0,"attempt",39,10,10
"2625",7,0,"attempt",40,6,6
"2626",7,0,"attempt",41,12,12
"2627",7,0,"attempt",42,5,5
"2628",7,0,"attempt",43,8,8
"2629",7,0,"attempt",44,8,8
"2630",7,0,"attempt",45,4,4
"2631",7,0,"attempt",46,8,8
"2632",7,0,"attempt",47,5,5
"2633",7,0,"attempt",48,6,6
"2634",7,0,"attempt",49,15,15
"2635",7,0,"attempt",50,8,8
"2636",7,0,"conspiracy",1,8,8
"2637",7,0,"conspiracy",2,4,4
"2638",7,0,"conspiracy",3,5,5
"2639",7,0,"conspiracy",4,7,7
"2640",7,0,"conspiracy",5,5,5
"2641",7,0,"conspiracy",6,8,8
"2642",7,0,"conspiracy",7,8,8
"2643",7,0,"conspiracy",8,9,9
"2644",7,0,"conspiracy",9,7,7
"2645",7,0,"conspiracy",10,3,3
"2646",7,0,"conspiracy",11,10,10
"2647",7,0,"conspiracy",12,11,11
"2648",7,0,"conspiracy",13,5,5
"2649",7,0,"conspiracy",14,5,5
"2650",7,0,"conspiracy",15,3,3
"2651",7,0,"conspiracy",16,5,5
"2652",7,0,"conspiracy",17,9,9
"2653",7,0,"conspiracy",18,6,6
"2654",7,0,"conspiracy",19,7,7
"2655",7,0,"conspiracy",20,7,7
"2656",7,0,"conspiracy",21,9,9
"2657",7,0,"conspiracy",22,9,9
"2658",7,0,"conspiracy",23,9,9
"2659",7,0,"conspiracy",24,4,4
"2660",7,0,"conspiracy",25,9,9
"2661",7,0,"conspiracy",26,5,5
"2662",7,0,"conspiracy",27,5,5
"2663",7,0,"conspiracy",28,8,8
"2664",7,0,"conspiracy",29,6,6
"2665",7,0,"conspiracy",30,9,9
"2666",7,0,"conspiracy",31,10,10
"2667",7,0,"conspiracy",32,10,10
"2668",7,0,"conspiracy",33,7,7
"2669",7,0,"conspiracy",34,6,6
"2670",7,0,"conspiracy",35,6,6
"2671",7,0,"conspiracy",36,10,10
"2672",7,0,"conspiracy",37,8,8
"2673",7,0,"conspiracy",38,9,9
"2674",7,0,"conspiracy",39,8,8
"2675",7,0,"conspiracy",40,7,7
"2676",7,0,"conspiracy",41,8,8
"2677",7,0,"conspiracy",42,8,8
"2678",7,0,"conspiracy",43,6,6
"2679",7,0,"conspiracy",44,9,9
"2680",7,0,"conspiracy",45,6,6
"2681",7,0,"conspiracy",46,9,9
"2682",7,0,"conspiracy",47,8,8
"2683",7,0,"conspiracy",48,6,6
"2684",7,0,"conspiracy",49,12,12
"2685",7,0,"conspiracy",50,2,2
"2686",7,1,"coup",1,2,2
"2687",7,1,"coup",2,4,4
"2688",7,1,"coup",3,8,8
"2689",7,1,"coup",4,6,6
"2690",7,1,"coup",5,5,5
"2691",7,1,"coup",6,5,5
"2692",7,1,"coup",7,4,4
"2693",7,1,"coup",8,4,4
"2694",7,1,"coup",9,7,7
"2695",7,1,"coup",10,8,8
"2696",7,1,"coup",11,8,8
"2697",7,1,"coup",12,7,7
"2698",7,1,"coup",13,5,5
"2699",7,1,"coup",14,9,9
"2700",7,1,"coup",15,4,4
"2701",7,1,"coup",16,3,3
"2702",7,1,"coup",17,3,3
"2703",7,1,"coup",18,6,6
"2704",7,1,"coup",19,9,9
"2705",7,1,"coup",20,4,4
"2706",7,1,"coup",21,4,4
"2707",7,1,"coup",22,9,9
"2708",7,1,"coup",23,6,6
"2709",7,1,"coup",24,7,7
"2710",7,1,"coup",25,9,9
"2711",7,1,"coup",26,3,3
"2712",7,1,"coup",27,5,5
"2713",7,1,"coup",28,7,7
"2714",7,1,"coup",29,8,8
"2715",7,1,"coup",30,10,10
"2716",7,1,"coup",31,2,2
"2717",7,1,"coup",32,8,8
"2718",7,1,"coup",33,4,4
"2719",7,1,"coup",34,7,7
"2720",7,1,"coup",35,5,5
"2721",7,1,"coup",36,3,3
"2722",7,1,"coup",37,6,6
"2723",7,1,"coup",38,6,6
"2724",7,1,"coup",39,6,6
"2725",7,1,"coup",40,8,8
"2726",7,1,"coup",41,5,5
"2727",7,1,"coup",42,6,6
"2728",7,1,"coup",43,8,8
"2729",7,1,"coup",44,8,8
"2730",7,1,"coup",45,8,8
"2731",7,1,"coup",46,4,4
"2732",7,1,"coup",47,9,9
"2733",7,1,"coup",48,7,7
"2734",7,1,"coup",49,7,7
"2735",7,1,"coup",50,5,5
"2736",8,0,"attempt",1,14,14
"2737",8,0,"attempt",2,12,12
"2738",8,0,"attempt",3,16,16
"2739",8,0,"attempt",4,14,14
"2740",8,0,"attempt",5,22,22
"2741",8,0,"attempt",6,17,17
"2742",8,0,"attempt",7,13,13
"2743",8,0,"attempt",8,11,11
"2744",8,0,"attempt",9,13,13
"2745",8,0,"attempt",10,12,12
"2746",8,0,"attempt",11,13,13
"2747",8,0,"attempt",12,10,10
"2748",8,0,"attempt",13,17,17
"2749",8,0,"attempt",14,13,13
"2750",8,0,"attempt",15,12,12
"2751",8,0,"attempt",16,17,17
"2752",8,0,"attempt",17,13,13
"2753",8,0,"attempt",18,16,16
"2754",8,0,"attempt",19,16,16
"2755",8,0,"attempt",20,11,11
"2756",8,0,"attempt",21,7,7
"2757",8,0,"attempt",22,14,14
"2758",8,0,"attempt",23,14,14
"2759",8,0,"attempt",24,14,14
"2760",8,0,"attempt",25,12,12
"2761",8,0,"attempt",26,14,14
"2762",8,0,"attempt",27,14,14
"2763",8,0,"attempt",28,17,17
"2764",8,0,"attempt",29,15,15
"2765",8,0,"attempt",30,10,10
"2766",8,0,"attempt",31,14,14
"2767",8,0,"attempt",32,8,8
"2768",8,0,"attempt",33,8,8
"2769",8,0,"attempt",34,11,11
"2770",8,0,"attempt",35,8,8
"2771",8,0,"attempt",36,17,17
"2772",8,0,"attempt",37,15,15
"2773",8,0,"attempt",38,10,10
"2774",8,0,"attempt",39,11,11
"2775",8,0,"attempt",40,19,19
"2776",8,0,"attempt",41,14,14
"2777",8,0,"attempt",42,15,15
"2778",8,0,"attempt",43,15,15
"2779",8,0,"attempt",44,9,9
"2780",8,0,"attempt",45,13,13
"2781",8,0,"attempt",46,13,13
"2782",8,0,"attempt",47,12,12
"2783",8,0,"attempt",48,13,13
"2784",8,0,"attempt",49,9,9
"2785",8,0,"attempt",50,17,17
"2786",8,0,"conspiracy",1,11,11
"2787",8,0,"conspiracy",2,19,19
"2788",8,0,"conspiracy",3,14,14
"2789",8,0,"conspiracy",4,11,11
"2790",8,0,"conspiracy",5,5,5
"2791",8,0,"conspiracy",6,11,11
"2792",8,0,"conspiracy",7,8,8
"2793",8,0,"conspiracy",8,12,12
"2794",8,0,"conspiracy",9,8,8
"2795",8,0,"conspiracy",10,14,14
"2796",8,0,"conspiracy",11,11,11
"2797",8,0,"conspiracy",12,7,7
"2798",8,0,"conspiracy",13,10,10
"2799",8,0,"conspiracy",14,9,9
"2800",8,0,"conspiracy",15,6,6
"2801",8,0,"conspiracy",16,10,10
"2802",8,0,"conspiracy",17,12,12
"2803",8,0,"conspiracy",18,11,11
"2804",8,0,"conspiracy",19,15,15
"2805",8,0,"conspiracy",20,6,6
"2806",8,0,"conspiracy",21,8,8
"2807",8,0,"conspiracy",22,8,8
"2808",8,0,"conspiracy",23,5,5
"2809",8,0,"conspiracy",24,12,12
"2810",8,0,"conspiracy",25,9,9
"2811",8,0,"conspiracy",26,8,8
"2812",8,0,"conspiracy",27,18,18
"2813",8,0,"conspiracy",28,10,10
"2814",8,0,"conspiracy",29,13,13
"2815",8,0,"conspiracy",30,7,7
"2816",8,0,"conspiracy",31,11,11
"2817",8,0,"conspiracy",32,8,8
"2818",8,0,"conspiracy",33,7,7
"2819",8,0,"conspiracy",34,9,9
"2820",8,0,"conspiracy",35,5,5
"2821",8,0,"conspiracy",36,7,7
"2822",8,0,"conspiracy",37,9,9
"2823",8,0,"conspiracy",38,14,14
"2824",8,0,"conspiracy",39,10,10
"2825",8,0,"conspiracy",40,13,13
"2826",8,0,"conspiracy",41,8,8
"2827",8,0,"conspiracy",42,9,9
"2828",8,0,"conspiracy",43,5,5
"2829",8,0,"conspiracy",44,5,5
"2830",8,0,"conspiracy",45,10,10
"2831",8,0,"conspiracy",46,11,11
"2832",8,0,"conspiracy",47,5,5
"2833",8,0,"conspiracy",48,6,6
"2834",8,0,"conspiracy",49,8,8
"2835",8,0,"conspiracy",50,13,13
"2836",8,0,"coup",2,2,2
"2837",8,0,"coup",6,2,2
"2838",8,0,"coup",9,4,4
"2839",8,0,"coup",11,1,1
"2840",8,0,"coup",12,1,1
"2841",8,0,"coup",13,1,1
"2842",8,0,"coup",15,3,3
"2843",8,0,"coup",16,1,1
"2844",8,0,"coup",17,1,1
"2845",8,0,"coup",18,4,4
"2846",8,0,"coup",19,2,2
"2847",8,0,"coup",20,1,1
"2848",8,0,"coup",22,1,1
"2849",8,0,"coup",23,2,2
"2850",8,0,"coup",24,2,2
"2851",8,0,"coup",26,3,3
"2852",8,0,"coup",28,1,1
"2853",8,0,"coup",30,1,1
"2854",8,0,"coup",31,1,1
"2855",8,0,"coup",33,1,1
"2856",8,0,"coup",43,2,2
"2857",8,0,"coup",44,3,3
"2858",8,0,"coup",45,4,4
"2859",8,0,"coup",46,2,2
"2860",8,0,"coup",47,1,1
"2861",8,0,"coup",48,1,1
"2862",8,0,"coup",49,1,1
"2863",8,1,"coup",1,8,8
"2864",8,1,"coup",2,3,3
"2865",8,1,"coup",3,6,6
"2866",8,1,"coup",4,10,10
"2867",8,1,"coup",5,3,3
"2868",8,1,"coup",6,4,4
"2869",8,1,"coup",7,10,10
"2870",8,1,"coup",8,8,8
"2871",8,1,"coup",9,7,7
"2872",8,1,"coup",10,7,7
"2873",8,1,"coup",11,4,4
"2874",8,1,"coup",12,5,5
"2875",8,1,"coup",13,9,9
"2876",8,1,"coup",14,6,6
"2877",8,1,"coup",15,4,4
"2878",8,1,"coup",16,4,4
"2879",8,1,"coup",17,4,4
"2880",8,1,"coup",18,3,3
"2881",8,1,"coup",19,3,3
"2882",8,1,"coup",20,8,8
"2883",8,1,"coup",21,1,1
"2884",8,1,"coup",22,6,6
"2885",8,1,"coup",23,7,7
"2886",8,1,"coup",24,5,5
"2887",8,1,"coup",25,7,7
"2888",8,1,"coup",26,7,7
"2889",8,1,"coup",27,6,6
"2890",8,1,"coup",28,7,7
"2891",8,1,"coup",29,4,4
"2892",8,1,"coup",30,2,2
"2893",8,1,"coup",31,6,6
"2894",8,1,"coup",32,2,2
"2895",8,1,"coup",33,9,9
"2896",8,1,"coup",34,8,8
"2897",8,1,"coup",35,4,4
"2898",8,1,"coup",36,5,5
"2899",8,1,"coup",37,8,8
"2900",8,1,"coup",38,7,7
"2901",8,1,"coup",39,7,7
"2902",8,1,"coup",40,6,6
"2903",8,1,"coup",41,7,7
"2904",8,1,"coup",42,9,9
"2905",8,1,"coup",43,13,13
"2906",8,1,"coup",44,7,7
"2907",8,1,"coup",45,6,6
"2908",8,1,"coup",46,10,10
"2909",8,1,"coup",47,5,5
"2910",8,1,"coup",48,1,1
"2911",8,1,"coup",49,4,4
"2912",8,1,"coup",50,3,3
"2913",9,0,"attempt",1,5,5
"2914",9,0,"attempt",2,7,7
"2915",9,0,"attempt",3,5,5
"2916",9,0,"attempt",4,6,6
"2917",9,0,"attempt",5,5,5
"2918",9,0,"attempt",6,4,4
"2919",9,0,"attempt",7,6,6
"2920",9,0,"attempt",8,4,4
"2921",9,0,"attempt",9,5,5
"2922",9,0,"attempt",10,8,8
"2923",9,0,"attempt",11,9,9
"2924",9,0,"attempt",12,7,7
"2925",9,0,"attempt",13,3,3
"2926",9,0,"attempt",14,5,5
"2927",9,0,"attempt",15,10,10
"2928",9,0,"attempt",16,5,5
"2929",9,0,"attempt",17,5,5
"2930",9,0,"attempt",18,5,5
"2931",9,0,"attempt",19,11,11
"2932",9,0,"attempt",20,4,4
"2933",9,0,"attempt",21,6,6
"2934",9,0,"attempt",22,3,3
"2935",9,0,"attempt",23,4,4
"2936",9,0,"attempt",24,10,10
"2937",9,0,"attempt",25,1,1
"2938",9,0,"attempt",26,6,6
"2939",9,0,"attempt",27,4,4
"2940",9,0,"attempt",28,7,7
"2941",9,0,"attempt",29,7,7
"2942",9,0,"attempt",30,5,5
"2943",9,0,"attempt",31,8,8
"2944",9,0,"attempt",32,8,8
"2945",9,0,"attempt",33,11,11
"2946",9,0,"attempt",34,2,2
"2947",9,0,"attempt",35,6,6
"2948",9,0,"attempt",36,3,3
"2949",9,0,"attempt",37,4,4
"2950",9,0,"attempt",38,5,5
"2951",9,0,"attempt",39,6,6
"2952",9,0,"attempt",40,5,5
"2953",9,0,"attempt",41,3,3
"2954",9,0,"attempt",42,8,8
"2955",9,0,"attempt",43,5,5
"2956",9,0,"attempt",44,7,7
"2957",9,0,"attempt",45,5,5
"2958",9,0,"attempt",46,5,5
"2959",9,0,"attempt",47,6,6
"2960",9,0,"attempt",48,8,8
"2961",9,0,"attempt",49,11,11
"2962",9,0,"attempt",50,8,8
"2963",9,0,"conspiracy",1,4,4
"2964",9,0,"conspiracy",2,8,8
"2965",9,0,"conspiracy",3,5,5
"2966",9,0,"conspiracy",4,1,1
"2967",9,0,"conspiracy",5,7,7
"2968",9,0,"conspiracy",6,5,5
"2969",9,0,"conspiracy",7,8,8
"2970",9,0,"conspiracy",8,3,3
"2971",9,0,"conspiracy",9,13,13
"2972",9,0,"conspiracy",10,4,4
"2973",9,0,"conspiracy",11,8,8
"2974",9,0,"conspiracy",12,3,3
"2975",9,0,"conspiracy",13,12,12
"2976",9,0,"conspiracy",14,7,7
"2977",9,0,"conspiracy",15,5,5
"2978",9,0,"conspiracy",16,5,5
"2979",9,0,"conspiracy",17,8,8
"2980",9,0,"conspiracy",18,4,4
"2981",9,0,"conspiracy",20,5,5
"2982",9,0,"conspiracy",21,7,7
"2983",9,0,"conspiracy",22,2,2
"2984",9,0,"conspiracy",23,4,4
"2985",9,0,"conspiracy",24,4,4
"2986",9,0,"conspiracy",25,6,6
"2987",9,0,"conspiracy",26,5,5
"2988",9,0,"conspiracy",27,2,2
"2989",9,0,"conspiracy",28,3,3
"2990",9,0,"conspiracy",29,9,9
"2991",9,0,"conspiracy",30,3,3
"2992",9,0,"conspiracy",31,5,5
"2993",9,0,"conspiracy",32,5,5
"2994",9,0,"conspiracy",33,4,4
"2995",9,0,"conspiracy",34,2,2
"2996",9,0,"conspiracy",35,5,5
"2997",9,0,"conspiracy",36,9,9
"2998",9,0,"conspiracy",37,4,4
"2999",9,0,"conspiracy",38,2,2
"3000",9,0,"conspiracy",39,5,5
"3001",9,0,"conspiracy",40,9,9
"3002",9,0,"conspiracy",41,3,3
"3003",9,0,"conspiracy",42,5,5
"3004",9,0,"conspiracy",43,7,7
"3005",9,0,"conspiracy",44,9,9
"3006",9,0,"conspiracy",45,4,4
"3007",9,0,"conspiracy",46,8,8
"3008",9,0,"conspiracy",47,9,9
"3009",9,0,"conspiracy",48,1,1
"3010",9,0,"conspiracy",49,6,6
"3011",9,0,"conspiracy",50,6,6
"3012",10,0,"attempt",1,1,1
"3013",10,0,"attempt",2,9,9
"3014",10,0,"attempt",4,9,9
"3015",10,0,"attempt",5,4,4
"3016",10,0,"attempt",6,4,4
"3017",10,0,"attempt",7,4,4
"3018",10,0,"attempt",8,1,1
"3019",10,0,"attempt",9,2,2
"3020",10,0,"attempt",10,3,3
"3021",10,0,"attempt",11,5,5
"3022",10,0,"attempt",12,2,2
"3023",10,0,"attempt",13,5,5
"3024",10,0,"attempt",14,4,4
"3025",10,0,"attempt",15,3,3
"3026",10,0,"attempt",16,6,6
"3027",10,0,"attempt",17,1,1
"3028",10,0,"attempt",18,2,2
"3029",10,0,"attempt",19,7,7
"3030",10,0,"attempt",20,2,2
"3031",10,0,"attempt",21,1,1
"3032",10,0,"attempt",22,2,2
"3033",10,0,"attempt",23,5,5
"3034",10,0,"attempt",24,4,4
"3035",10,0,"attempt",25,3,3
"3036",10,0,"attempt",26,1,1
"3037",10,0,"attempt",27,5,5
"3038",10,0,"attempt",28,1,1
"3039",10,0,"attempt",29,6,6
"3040",10,0,"attempt",30,6,6
"3041",10,0,"attempt",31,1,1
"3042",10,0,"attempt",32,4,4
"3043",10,0,"attempt",33,2,2
"3044",10,0,"attempt",34,6,6
"3045",10,0,"attempt",35,2,2
"3046",10,0,"attempt",36,4,4
"3047",10,0,"attempt",37,1,1
"3048",10,0,"attempt",38,3,3
"3049",10,0,"attempt",39,3,3
"3050",10,0,"attempt",40,4,4
"3051",10,0,"attempt",41,8,8
"3052",10,0,"attempt",42,4,4
"3053",10,0,"attempt",43,3,3
"3054",10,0,"attempt",44,6,6
"3055",10,0,"attempt",45,4,4
"3056",10,0,"attempt",46,5,5
"3057",10,0,"attempt",47,4,4
"3058",10,0,"attempt",48,5,5
"3059",10,0,"attempt",49,2,2
"3060",10,0,"attempt",50,5,5
"3061",10,0,"conspiracy",1,8,8
"3062",10,0,"conspiracy",2,11,11
"3063",10,0,"conspiracy",3,9,9
"3064",10,0,"conspiracy",4,7,7
"3065",10,0,"conspiracy",5,14,14
"3066",10,0,"conspiracy",6,20,20
"3067",10,0,"conspiracy",7,9,9
"3068",10,0,"conspiracy",8,6,6
"3069",10,0,"conspiracy",9,7,7
"3070",10,0,"conspiracy",10,14,14
"3071",10,0,"conspiracy",11,11,11
"3072",10,0,"conspiracy",12,17,17
"3073",10,0,"conspiracy",13,17,17
"3074",10,0,"conspiracy",14,6,6
"3075",10,0,"conspiracy",15,11,11
"3076",10,0,"conspiracy",16,13,13
"3077",10,0,"conspiracy",17,21,21
"3078",10,0,"conspiracy",18,16,16
"3079",10,0,"conspiracy",19,11,11
"3080",10,0,"conspiracy",20,8,8
"3081",10,0,"conspiracy",21,9,9
"3082",10,0,"conspiracy",22,16,16
"3083",10,0,"conspiracy",23,13,13
"3084",10,0,"conspiracy",24,7,7
"3085",10,0,"conspiracy",25,9,9
"3086",10,0,"conspiracy",26,11,11
"3087",10,0,"conspiracy",27,9,9
"3088",10,0,"conspiracy",28,14,14
"3089",10,0,"conspiracy",29,12,12
"3090",10,0,"conspiracy",30,10,10
"3091",10,0,"conspiracy",31,15,15
"3092",10,0,"conspiracy",32,9,9
"3093",10,0,"conspiracy",33,14,14
"3094",10,0,"conspiracy",34,9,9
"3095",10,0,"conspiracy",35,8,8
"3096",10,0,"conspiracy",36,9,9
"3097",10,0,"conspiracy",37,16,16
"3098",10,0,"conspiracy",38,14,14
"3099",10,0,"conspiracy",39,9,9
"3100",10,0,"conspiracy",40,10,10
"3101",10,0,"conspiracy",41,10,10
"3102",10,0,"conspiracy",42,8,8
"3103",10,0,"conspiracy",43,11,11
"3104",10,0,"conspiracy",44,10,10
"3105",10,0,"conspiracy",45,12,12
"3106",10,0,"conspiracy",46,10,10
"3107",10,0,"conspiracy",47,14,14
"3108",10,0,"conspiracy",48,11,11
"3109",10,0,"conspiracy",49,7,7
"3110",10,0,"conspiracy",50,16,16
"3111",10,1,"coup",1,6,6
"3112",10,1,"coup",2,1,1
"3113",10,1,"coup",3,4,4
"3114",10,1,"coup",4,4,4
"3115",10,1,"coup",5,5,5
"3116",10,1,"coup",6,3,3
"3117",10,1,"coup",7,5,5
"3118",10,1,"coup",8,5,5
"3119",10,1,"coup",9,3,3
"3120",10,1,"coup",10,3,3
"3121",10,1,"coup",11,3,3
"3122",10,1,"coup",12,3,3
"3123",10,1,"coup",13,3,3
"3124",10,1,"coup",14,4,4
"3125",10,1,"coup",15,3,3
"3126",10,1,"coup",16,5,5
"3127",10,1,"coup",17,13,13
"3128",10,1,"coup",18,3,3
"3129",10,1,"coup",19,2,2
"3130",10,1,"coup",20,2,2
"3131",10,1,"coup",21,2,2
"3132",10,1,"coup",22,2,2
"3133",10,1,"coup",23,1,1
"3134",10,1,"coup",24,3,3
"3135",10,1,"coup",25,5,5
"3136",10,1,"coup",26,5,5
"3137",10,1,"coup",27,4,4
"3138",10,1,"coup",28,4,4
"3139",10,1,"coup",29,5,5
"3140",10,1,"coup",30,5,5
"3141",10,1,"coup",31,4,4
"3142",10,1,"coup",32,3,3
"3143",10,1,"coup",33,4,4
"3144",10,1,"coup",34,1,1
"3145",10,1,"coup",35,5,5
"3146",10,1,"coup",36,3,3
"3147",10,1,"coup",37,3,3
"3148",10,1,"coup",38,2,2
"3149",10,1,"coup",39,5,5
"3150",10,1,"coup",40,3,3
"3151",10,1,"coup",41,3,3
"3152",10,1,"coup",42,8,8
"3153",10,1,"coup",43,4,4
"3154",10,1,"coup",44,4,4
"3155",10,1,"coup",45,5,5
"3156",10,1,"coup",46,2,2
"3157",10,1,"coup",47,2,2
"3158",10,1,"coup",48,4,4
"3159",10,1,"coup",49,6,6
"3160",10,1,"coup",50,3,3
